metric,dataset,attack,seed,global_round,plain_fedavg,batr_fl,p4p,batr_minus_plain,p4p_minus_plain,batr_minus_p4p
balanced_accuracy,diagnostic,all_to_one_benign,480705558,8,0.3066285981179716,0.4117619939312179,0.3388096070843965,0.10513339581324627,0.032181008966424896,0.07295238684682137
balanced_accuracy,diagnostic,all_to_one_benign,1377035733,8,0.3293829282069155,0.4231233487421242,0.3208957154125262,0.0937404205352087,-0.008487212794389298,0.102227633329598
balanced_accuracy,diagnostic,all_to_one_benign,1379954285,8,0.31104602615986987,0.3900693020953553,0.2741612388914313,0.07902327593548542,-0.03688478726843858,0.115908063203924
balanced_accuracy,diagnostic,all_to_one_benign,1707771978,8,0.3072724435880767,0.3876384984315334,0.3221057862131428,0.08036605484345671,0.014833342625066082,0.06553271221839063
balanced_accuracy,diagnostic,all_to_one_benign,1886033230,8,0.31798237548258695,0.4280650353441294,0.3343857735964885,0.11008265986154242,0.01640339811390157,0.09367926174764085
balanced_accuracy,diagnostic,cyclic_shift,480705558,8,0.3958412222911974,0.4008207620665157,0.3875998423637368,0.004979539775318287,-0.008241379927460601,0.013220919702778888
balanced_accuracy,diagnostic,cyclic_shift,1377035733,8,0.39285433175547013,0.4231233487421242,0.3861749262677287,0.030269016986654074,-0.00667940548774143,0.036948422474395504
balanced_accuracy,diagnostic,cyclic_shift,1379954285,8,0.38031396121813077,0.3900693020953553,0.376616581952534,0.009755340877224516,-0.0036973792655967674,0.013452720142821284
balanced_accuracy,diagnostic,cyclic_shift,1707771978,8,0.3785908063357804,0.3942602090083246,0.3903935822964774,0.015669402672544186,0.01180277596069701,0.0038666267118471764
balanced_accuracy,diagnostic,cyclic_shift,1886033230,8,0.4115140237930309,0.4078256795038137,0.4071048830750978,-0.003688344289217216,-0.0044091407179331354,0.0007207964287159196
balanced_accuracy,diagnostic,multiclass_partial_cycle,480705558,8,0.37919762932926127,0.4008207620665157,0.3993978178484879,0.021623132737254414,0.020200188519226614,0.0014229442180277996
balanced_accuracy,diagnostic,multiclass_partial_cycle,1377035733,8,0.3837693300714576,0.4231233487421242,0.3999422408472326,0.039354018670666624,0.01617291077577504,0.023181107894891584
balanced_accuracy,diagnostic,multiclass_partial_cycle,1379954285,8,0.37116441794648397,0.3900693020953553,0.4005699507305968,0.018904884148871315,0.029405532784112842,-0.010500648635241527
balanced_accuracy,diagnostic,multiclass_partial_cycle,1707771978,8,0.3888106382188842,0.3942602090083246,0.4071973396878077,0.005449570789440417,0.018386701468923516,-0.0129371306794831
balanced_accuracy,diagnostic,multiclass_partial_cycle,1886033230,8,0.4001138768434471,0.4078256795038137,0.3959367823215467,0.007711802660366585,-0.004177094521900404,0.011888897182266989
balanced_accuracy,diagnostic,pairwise_swap,480705558,8,0.4006358832688045,0.4008207620665157,0.393141189371398,0.00018487879771117433,-0.007494693897406479,0.0076795726951176535
balanced_accuracy,diagnostic,pairwise_swap,1377035733,8,0.416295147341905,0.4231233487421242,0.4086000009756622,0.006828201400219225,-0.0076951463662428,0.014523347766462025
balanced_accuracy,diagnostic,pairwise_swap,1379954285,8,0.3880624595128182,0.3900693020953553,0.4036383260975495,0.002006842582537083,0.015575866584731313,-0.01356902400219423
balanced_accuracy,diagnostic,pairwise_swap,1707771978,8,0.39193763158131867,0.3942602090083246,0.3940070939451136,0.002322577427005923,0.002069462363794905,0.00025311506321101795
balanced_accuracy,diagnostic,pairwise_swap,1886033230,8,0.4060317072147912,0.4147445530953749,0.4149656118629306,0.008712845880583686,0.008933904648139368,-0.00022105876755568188
balanced_accuracy,diagnostic,random_flip,480705558,8,0.392433137835515,0.4008207620665157,0.3784338795703573,0.008387624231000701,-0.013999258265157688,0.02238688249615839
balanced_accuracy,diagnostic,random_flip,1377035733,8,0.3829276608512004,0.4231233487421242,0.3673729466971758,0.040195687890923815,-0.015554714154024596,0.05575040204494841
balanced_accuracy,diagnostic,random_flip,1379954285,8,0.38336852561750057,0.3900693020953553,0.3717676451588872,0.00670077647785472,-0.01160088045861335,0.01830165693646807
balanced_accuracy,diagnostic,random_flip,1707771978,8,0.3854560059533325,0.3942602090083246,0.398748431575622,0.008804203054992077,0.013292425622289494,-0.004488222567297417
balanced_accuracy,diagnostic,random_flip,1886033230,8,0.3992109757049303,0.4078256795038137,0.3264117613952866,0.008614703798883405,-0.0727992143096437,0.0814139181085271
balanced_accuracy,natural,all_to_one_benign,480705558,8,0.3053484288262564,0.4120087674395805,0.3375205899219754,0.10666033861332408,0.03217216109571902,0.07448817751760506
balanced_accuracy,natural,all_to_one_benign,1377035733,8,0.32780345469498634,0.4215796961897029,0.3192064169524289,0.09377624149471658,-0.008597037742557434,0.10237327923727402
balanced_accuracy,natural,all_to_one_benign,1379954285,8,0.3096106267359983,0.3897739074737272,0.2735489236952292,0.08016328073772888,-0.03606170304076911,0.11622498377849799
balanced_accuracy,natural,all_to_one_benign,1707771978,8,0.3059072726950868,0.3880000435239897,0.3204566302149308,0.08209277082890293,0.014549357519844042,0.06754341330905889
balanced_accuracy,natural,all_to_one_benign,1886033230,8,0.3168818054932149,0.4268610131259298,0.333125480290118,0.1099792076327149,0.01624367479690314,0.09373553283581176
balanced_accuracy,natural,cyclic_shift,480705558,8,0.396809809405141,0.4028044313298329,0.3966086293877889,0.005994621924691912,-0.00020118001735208724,0.006195801942043999
balanced_accuracy,natural,cyclic_shift,1377035733,8,0.39492977908890664,0.4215796961897029,0.3838992562793782,0.026649917100796283,-0.011030522809528431,0.037680439910324715
balanced_accuracy,natural,cyclic_shift,1379954285,8,0.3848584967350117,0.3897739074737272,0.3779457662601945,0.004915410738715487,-0.006912730474817219,0.011828141213532706
balanced_accuracy,natural,cyclic_shift,1707771978,8,0.3790545240624557,0.3934326899558664,0.4018037724042319,0.014378165893410677,0.022749248341776163,-0.008371082448365486
balanced_accuracy,natural,cyclic_shift,1886033230,8,0.4147645485338562,0.4079100085670936,0.4074580154916568,-0.006854539966762607,-0.007306533042199415,0.00045199307543680733
balanced_accuracy,natural,multiclass_partial_cycle,480705558,8,0.3813474751833313,0.4028044313298329,0.3992320606936987,0.021456956146501616,0.017884585510367423,0.0035723706361341923
balanced_accuracy,natural,multiclass_partial_cycle,1377035733,8,0.38579186919869424,0.4215796961897029,0.4002534656726781,0.03578782699100869,0.014461596473983873,0.021326230517024813
balanced_accuracy,natural,multiclass_partial_cycle,1379954285,8,0.3713997880227975,0.3897739074737272,0.4017055649766967,0.018374119450929705,0.03030577695389919,-0.011931657502969484
balanced_accuracy,natural,multiclass_partial_cycle,1707771978,8,0.3900706418355935,0.3934326899558664,0.4077445685419628,0.003362048120272909,0.017673926706369303,-0.014311878586096394
balanced_accuracy,natural,multiclass_partial_cycle,1886033230,8,0.40022811689198307,0.4079100085670936,0.3965920121737812,0.007681891675110519,-0.00363610471820186,0.01131799639331238
balanced_accuracy,natural,pairwise_swap,480705558,8,0.3999097821264497,0.4028044313298329,0.3931106683571784,0.002894649203383226,-0.006799113769271281,0.009693762972654507
balanced_accuracy,natural,pairwise_swap,1377035733,8,0.4160160606122628,0.4215796961897029,0.4218250111397742,0.005563635577440107,0.005808950527511403,-0.0002453149500712959
balanced_accuracy,natural,pairwise_swap,1379954285,8,0.3898704927310609,0.3897739074737272,0.4024080459671922,-9.658525733369228e-05,0.012537553236131316,-0.012634138493465008
balanced_accuracy,natural,pairwise_swap,1707771978,8,0.39292833905546276,0.3934326899558664,0.3930052874979111,0.0005043509004036273,7.694844244832133e-05,0.00042740245795530596
balanced_accuracy,natural,pairwise_swap,1886033230,8,0.4064760055798532,0.4133599557680853,0.4136087635100913,0.006883950188232124,0.007132757930238098,-0.0002488077420059742
balanced_accuracy,natural,random_flip,480705558,8,0.3951032312600475,0.4028044313298329,0.370250514034994,0.007701200069785419,-0.0248527172250535,0.03255391729483892
balanced_accuracy,natural,random_flip,1377035733,8,0.38503334942841805,0.4215796961897029,0.3751179262883223,0.036546346761284876,-0.009915423140095747,0.04646176990138062
balanced_accuracy,natural,random_flip,1379954285,8,0.3848028939352143,0.3897739074737272,0.3713360994820404,0.004971013538512925,-0.013466794453173891,0.018437807991686817
balanced_accuracy,natural,random_flip,1707771978,8,0.385183734477013,0.3934326899558664,0.4043724475848431,0.008248955478853404,0.019188713107830102,-0.010939757628976698
balanced_accuracy,natural,random_flip,1886033230,8,0.4031828549026456,0.4079100085670936,0.3295868248223589,0.004727153664447981,-0.0735960300802867,0.07832318374473468
macro_f1,diagnostic,all_to_one_benign,480705558,8,0.2774394010789318,0.4093004150550872,0.3076473334135076,0.1318610139761554,0.030207932334575804,0.1016530816415796
macro_f1,diagnostic,all_to_one_benign,1377035733,8,0.2959296481453879,0.4216554409697212,0.2843205179571823,0.12572579282433327,-0.01160913018820564,0.1373349230125389
macro_f1,diagnostic,all_to_one_benign,1379954285,8,0.2815413053941709,0.3822795749192486,0.2421993479151656,0.1007382695250777,-0.03934195747900529,0.14008022700408299
macro_f1,diagnostic,all_to_one_benign,1707771978,8,0.27966604579161014,0.3778506722033627,0.2854392750012194,0.09818462641175257,0.005773229209609265,0.09241139720214331
macro_f1,diagnostic,all_to_one_benign,1886033230,8,0.28644990252403524,0.4286183837050913,0.3042987335536672,0.14216848118105607,0.017848831029631973,0.1243196501514241
macro_f1,diagnostic,cyclic_shift,480705558,8,0.4012957355071838,0.4001160175993228,0.3329705085017138,-0.0011797179078609776,-0.06832522700547,0.06714550909760902
macro_f1,diagnostic,cyclic_shift,1377035733,8,0.3985300288360192,0.4216554409697212,0.3746294194778942,0.023125412133702006,-0.02390060935812499,0.047026021491827
macro_f1,diagnostic,cyclic_shift,1379954285,8,0.3807005525057065,0.3822795749192486,0.3707941337279964,0.001579022413542075,-0.009906418777710091,0.011485441191252166
macro_f1,diagnostic,cyclic_shift,1707771978,8,0.38020525131685523,0.3858462530629253,0.3202113084547501,0.005641001746070073,-0.05999394286210513,0.0656349446081752
macro_f1,diagnostic,cyclic_shift,1886033230,8,0.416186843696958,0.4062941776694921,0.4098978920389964,-0.009892666027465913,-0.006288951657961617,-0.003603714369504296
macro_f1,diagnostic,multiclass_partial_cycle,480705558,8,0.3863380268232323,0.4001160175993228,0.3991289319804762,0.013777990776090487,0.012790905157243904,0.0009870856188465837
macro_f1,diagnostic,multiclass_partial_cycle,1377035733,8,0.3873598127687747,0.4216554409697212,0.398853056901791,0.034295628200946504,0.011493244133016334,0.02280238406793017
macro_f1,diagnostic,multiclass_partial_cycle,1379954285,8,0.37325684762905387,0.3822795749192486,0.3900622396899244,0.00902272729019471,0.016805392060870505,-0.007782664770675796
macro_f1,diagnostic,multiclass_partial_cycle,1707771978,8,0.3909457876686108,0.3858462530629253,0.4065207194572218,-0.005099534605685518,0.015574931788610968,-0.020674466394296487
macro_f1,diagnostic,multiclass_partial_cycle,1886033230,8,0.4082858117493346,0.4062941776694921,0.3942350238203055,-0.001991634079842486,-0.014050787929029085,0.012059153849186599
macro_f1,diagnostic,pairwise_swap,480705558,8,0.4048864508851316,0.4001160175993228,0.3886197103119709,-0.004770433285808784,-0.016266740573160687,0.011496307287351903
macro_f1,diagnostic,pairwise_swap,1377035733,8,0.41867927312264597,0.4216554409697212,0.333769142597127,0.0029761678470752173,-0.08491013052551899,0.08788629837259421
macro_f1,diagnostic,pairwise_swap,1379954285,8,0.3802803979820818,0.3822795749192486,0.3958173632139932,0.00199917693716678,0.015536965231911393,-0.013537788294744613
macro_f1,diagnostic,pairwise_swap,1707771978,8,0.3880369450622393,0.3858462530629253,0.3906483202211524,-0.0021906919993139873,0.0026113751589131318,-0.004802067158227119
macro_f1,diagnostic,pairwise_swap,1886033230,8,0.4072640355692262,0.4136998055202343,0.4146001597433808,0.006435769951008086,0.007336124174154635,-0.0009003542231465489
macro_f1,diagnostic,random_flip,480705558,8,0.3967710944980577,0.4001160175993228,0.3737513150600153,0.003344923101265107,-0.023019779438042398,0.026364702539307505
macro_f1,diagnostic,random_flip,1377035733,8,0.38056509250875986,0.4216554409697212,0.3099743706165965,0.04109034846096132,-0.07059072189216337,0.11168107035312469
macro_f1,diagnostic,random_flip,1379954285,8,0.3857052188862722,0.3822795749192486,0.3632869131139767,-0.003425643967023606,-0.022418305772295477,0.01899266180527187
macro_f1,diagnostic,random_flip,1707771978,8,0.3799132603738227,0.3858462530629253,0.3241197469003381,0.005932992689102579,-0.0557935134734846,0.06172650616258718
macro_f1,diagnostic,random_flip,1886033230,8,0.4026013800194381,0.4062941776694921,0.3163321413725286,0.0036927976500539805,-0.08626923864690955,0.08996203629696353
macro_f1,natural,all_to_one_benign,480705558,8,0.2275716271570091,0.3266966431303478,0.2677672342556684,0.0991250159733387,0.0401956070986593,0.0589294088746794
macro_f1,natural,all_to_one_benign,1377035733,8,0.2475680158922293,0.3235886594595171,0.2489500754999027,0.0760206435672878,0.0013820596076734026,0.0746385839596144
macro_f1,natural,all_to_one_benign,1379954285,8,0.233954327953602,0.3032881459932544,0.2080627185718359,0.06933381803965238,-0.0258916093817661,0.09522542742141848
macro_f1,natural,all_to_one_benign,1707771978,8,0.226676429500494,0.3070937556640977,0.2469562289543005,0.0804173261636037,0.020279799453806507,0.06013752670979719
macro_f1,natural,all_to_one_benign,1886033230,8,0.2392897147180878,0.3347464450645895,0.2530338992310205,0.0954567303465017,0.013744184512932689,0.08171254583356902
macro_f1,natural,cyclic_shift,480705558,8,0.3022476088188745,0.3229467617678135,0.3005033802518509,0.02069915294893898,-0.001744228567023609,0.02244338151596259
macro_f1,natural,cyclic_shift,1377035733,8,0.2880552896119664,0.3235886594595171,0.3041992885654337,0.03553336984755068,0.016143998953467298,0.01938937089408338
macro_f1,natural,cyclic_shift,1379954285,8,0.290399641975801,0.3032881459932544,0.2915431330196256,0.012888504017453395,0.001143491043824607,0.011745012973628788
macro_f1,natural,cyclic_shift,1707771978,8,0.287099306134253,0.3100139012065044,0.2846889587920658,0.02291459507225141,-0.0024103473421872024,0.02532494241443861
macro_f1,natural,cyclic_shift,1886033230,8,0.3097835479824888,0.322890473201417,0.3023294216334777,0.0131069252189282,-0.007454126349011103,0.020561051567939304
macro_f1,natural,multiclass_partial_cycle,480705558,8,0.2969479674333026,0.3229467617678135,0.3167222797858893,0.02599879433451091,0.019774312352586698,0.0062244819819242125
macro_f1,natural,multiclass_partial_cycle,1377035733,8,0.2996473808093342,0.3235886594595171,0.3188821311722588,0.023941278650182918,0.019234750362924602,0.004706528287258316
macro_f1,natural,multiclass_partial_cycle,1379954285,8,0.2917209808087603,0.3032881459932544,0.3280470200644482,0.011567165184494077,0.03632603925568789,-0.024758874071193815
macro_f1,natural,multiclass_partial_cycle,1707771978,8,0.3033218568357041,0.3100139012065044,0.3165596116776962,0.0066920443708002875,0.013237754841992078,-0.00654571047119179
macro_f1,natural,multiclass_partial_cycle,1886033230,8,0.314374770332096,0.322890473201417,0.3132326203581971,0.008515702869321018,-0.0011421499738988872,0.009657852843219905
macro_f1,natural,pairwise_swap,480705558,8,0.31234065596337823,0.3229467617678135,0.3106424521987101,0.010606105804435273,-0.0016982037646681158,0.012304309569103389
macro_f1,natural,pairwise_swap,1377035733,8,0.31999752799228287,0.3235886594595171,0.2977655352591218,0.003591131467234221,-0.022231992733161066,0.025823124200395287
macro_f1,natural,pairwise_swap,1379954285,8,0.3019177796173928,0.3032881459932544,0.3169968033848321,0.0013703663758615758,0.015079023767439304,-0.013708657391577728
macro_f1,natural,pairwise_swap,1707771978,8,0.3077395130678315,0.3100139012065044,0.3159117371213711,0.0022743881386729226,0.008172224053539623,-0.0058978359148667
macro_f1,natural,pairwise_swap,1886033230,8,0.3174374043958299,0.3249537543066955,0.3290208352528825,0.007516349910865583,0.011583430857052601,-0.004067080946187018
macro_f1,natural,random_flip,480705558,8,0.2962424863423005,0.3229467617678135,0.2894947331654364,0.026704275425513013,-0.006747753176864102,0.033452028602377115
macro_f1,natural,random_flip,1377035733,8,0.289905187662265,0.3235886594595171,0.2689784217417533,0.03368347179725212,-0.02092676592051168,0.0546102377177638
macro_f1,natural,random_flip,1379954285,8,0.29068859215285475,0.3032881459932544,0.2857491545905314,0.012599553840399624,-0.0049394375623233455,0.01753899140272297
macro_f1,natural,random_flip,1707771978,8,0.2934888554449813,0.3100139012065044,0.2920325467505362,0.016525045761523083,-0.0014563086944451298,0.017981354455968213
macro_f1,natural,random_flip,1886033230,8,0.3059287848476024,0.322890473201417,0.2452631902917107,0.01696168835381462,-0.06066559455589168,0.0776272829097063
