comparison,metric,dataset,attack,global_round,n_required,n_finite,mean_contrast,median_contrast,bootstrap_ci_low,bootstrap_ci_high,exact_sign_flip_p_raw,cohen_dz,positive_seed_count,mean_method_a,median_method_a,resolution_limited_p_min,holm_p_adjusted,analysis_source
batr_fl_minus_p4p,balanced_accuracy,diagnostic,all_to_one_benign,8,5,5,0.09006001146927498,0.09367926174764085,0.07412989197561297,0.10599013096293697,0.0625,4.338628290721604,5,0.40813163570887206,0.4117619939312179,0.0625,0.3125,reviewer_v4327_postoutcome_matched_analysis
batr_fl_minus_p4p,balanced_accuracy,diagnostic,cyclic_shift,8,5,5,0.013641897092111754,0.013220919702778888,0.003896347228163244,0.025632922855570995,0.0625,0.9610796175613864,5,0.4032198602832266,0.4008207620665157,0.0625,0.3125,reviewer_v4327_postoutcome_matched_analysis
batr_fl_minus_p4p,balanced_accuracy,diagnostic,multiclass_partial_cycle,8,5,5,0.002611033996092349,0.0014229442180277996,-0.009090522882284291,0.014312590874468989,0.6875,0.17176741125168388,3,0.4032198602832266,0.4008207620665157,0.0625,1.0,reviewer_v4327_postoutcome_matched_analysis
batr_fl_minus_p4p,balanced_accuracy,diagnostic,pairwise_swap,8,5,5,0.001733190551008157,0.00025311506321101795,-0.006649711615804144,0.009048327709386527,0.625,0.16541966585717147,3,0.4046036350015389,0.4008207620665157,0.0625,1.0,reviewer_v4327_postoutcome_matched_analysis
batr_fl_minus_p4p,balanced_accuracy,diagnostic,random_flip,8,5,5,0.03467292740376091,0.02238688249615839,0.01000275024689994,0.06365876266139955,0.125,1.0245064741632741,4,0.4032198602832266,0.4008207620665157,0.0625,0.375,reviewer_v4327_postoutcome_matched_analysis
batr_fl_minus_p4p,balanced_accuracy,natural,all_to_one_benign,8,5,5,0.09087307733564955,0.09373553283581176,0.07555974289782794,0.10618641177347117,0.0625,4.549478623301451,5,0.407644685550586,0.4120087674395805,0.0625,0.3125,reviewer_v4327_postoutcome_matched_analysis
batr_fl_minus_p4p,balanced_accuracy,natural,cyclic_shift,8,5,5,0.009557058738594549,0.006195801942043999,-0.0025666226112253886,0.025064290803988733,0.3125,0.5491064383780458,4,0.4031001467032446,0.4028044313298329,0.0625,0.9375,reviewer_v4327_postoutcome_matched_analysis
batr_fl_minus_p4p,balanced_accuracy,natural,multiclass_partial_cycle,8,5,5,0.0019946122914811016,0.0035723706361341923,-0.009782940308399513,0.013772164891361715,0.8125,0.1313091380062794,3,0.4031001467032446,0.4028044313298329,0.0625,1.0,reviewer_v4327_postoutcome_matched_analysis
batr_fl_minus_p4p,balanced_accuracy,natural,pairwise_swap,8,5,5,-0.000601419150986493,-0.0002453149500712959,-0.007544065594502203,0.005717450709136922,0.75,-0.07575865534338458,2,0.4041901361434429,0.4028044313298329,0.0625,1.0,reviewer_v4327_postoutcome_matched_analysis
batr_fl_minus_p4p,balanced_accuracy,natural,random_flip,8,5,5,0.03296738426073287,0.03255391729483892,0.006457712340549549,0.059206335438722245,0.125,0.9964570209424632,4,0.4031001467032446,0.4028044313298329,0.0625,0.5,reviewer_v4327_postoutcome_matched_analysis
batr_fl_minus_p4p,macro_f1,diagnostic,all_to_one_benign,8,5,5,0.11915985580235378,0.1243196501514241,0.10248972156777399,0.13582999003693358,0.0625,5.591547574391571,5,0.4039408973705022,0.4093004150550872,0.0625,0.3125,reviewer_v4327_postoutcome_matched_analysis
batr_fl_minus_p4p,macro_f1,diagnostic,cyclic_shift,8,5,5,0.03753764040387182,0.047026021491827,0.012557895027064548,0.06251738578067909,0.125,1.1685747006279898,4,0.39923829284414203,0.4001160175993228,0.0625,0.375,reviewer_v4327_postoutcome_matched_analysis
batr_fl_minus_p4p,macro_f1,diagnostic,multiclass_partial_cycle,8,5,5,0.0014782984741982142,0.0009870856188465837,-0.011549382020875732,0.014536728256460263,0.8125,0.08743567984353944,3,0.39923829284414203,0.4001160175993228,0.0625,1.0,reviewer_v4327_postoutcome_matched_analysis
batr_fl_minus_p4p,macro_f1,diagnostic,pairwise_swap,8,5,5,0.016028479196765567,-0.0009003542231465489,-0.0075160130258180025,0.052324686684883374,0.75,0.3893566252966372,2,0.4007194184142905,0.4001160175993228,0.0625,1.0,reviewer_v4327_postoutcome_matched_analysis
batr_fl_minus_p4p,macro_f1,diagnostic,random_flip,8,5,5,0.06174539543145095,0.06172650616258718,0.030488246970349187,0.09300254389255272,0.0625,1.5473456547955937,5,0.39923829284414203,0.4001160175993228,0.0625,0.3125,reviewer_v4327_postoutcome_matched_analysis
batr_fl_minus_p4p,macro_f1,natural,all_to_one_benign,8,5,5,0.0741286985598157,0.0746385839596144,0.06255449102571352,0.08570290609391788,0.0625,4.862550355824472,5,0.31908272986236136,0.3235886594595171,0.0625,0.3125,reviewer_v4327_postoutcome_matched_analysis
batr_fl_minus_p4p,macro_f1,natural,cyclic_shift,8,5,5,0.019892751873210535,0.020561051567939304,0.015413558266186466,0.023419386075838888,0.0625,3.9182791894744993,5,0.3165455883257013,0.322890473201417,0.0625,0.3125,reviewer_v4327_postoutcome_matched_analysis
batr_fl_minus_p4p,macro_f1,natural,multiclass_partial_cycle,8,5,5,-0.0021431442859966344,0.004706528287258316,-0.014232895968310667,0.00729423958750931,0.8125,-0.15278458680021692,3,0.3165455883257013,0.322890473201417,0.0625,1.0,reviewer_v4327_postoutcome_matched_analysis
batr_fl_minus_p4p,macro_f1,natural,pairwise_swap,8,5,5,0.002890771903373446,-0.004067080946187018,-0.008656013511815174,0.01677516925108451,0.75,0.18140995777610283,2,0.316958244546757,0.3229467617678135,0.0625,1.0,reviewer_v4327_postoutcome_matched_analysis
batr_fl_minus_p4p,macro_f1,natural,random_flip,8,5,5,0.04024197901770768,0.033452028602377115,0.020898544063951897,0.06109468818057018,0.0625,1.5601732596272333,5,0.3165455883257013,0.322890473201417,0.0625,0.3125,reviewer_v4327_postoutcome_matched_analysis
batr_fl_minus_plain_fedavg,balanced_accuracy,diagnostic,all_to_one_benign,8,5,5,0.0936691613977879,0.0937404205352087,0.0825038164186186,0.1048345063769572,0.0625,6.655469642040401,5,0.408131635708872,0.4117619939312179,0.0625,0.3125,frozen_task66
batr_fl_minus_plain_fedavg,balanced_accuracy,diagnostic,cyclic_shift,8,5,5,0.0113969912045048,0.0097553408772245,0.0019167819160422,0.0220635465428823,0.125,0.896919365356228,4,0.4032198602832266,0.4008207620665157,0.0625,0.3125,frozen_task66
batr_fl_minus_plain_fedavg,balanced_accuracy,diagnostic,multiclass_partial_cycle,8,5,5,0.0186086818013199,0.0189048841488713,0.0090455262096971,0.0290269519077389,0.0625,1.3761124612316664,5,0.4032198602832266,0.4008207620665157,0.0625,0.3125,frozen_task66
batr_fl_minus_plain_fedavg,balanced_accuracy,diagnostic,pairwise_swap,8,5,5,0.0040110692176115,0.0023225774270059,0.0013412040375005,0.0069947163249015,0.0625,1.1173089862799153,5,0.4046036350015389,0.4008207620665157,0.0625,0.3125,frozen_task66
batr_fl_minus_plain_fedavg,balanced_accuracy,diagnostic,random_flip,8,5,5,0.0145405990907309,0.0086147037988834,0.0075042472574879,0.0275557781917528,0.0625,1.0121535409419298,5,0.4032198602832266,0.4008207620665157,0.0625,0.3125,frozen_task66
batr_fl_minus_plain_fedavg,balanced_accuracy,natural,all_to_one_benign,8,5,5,0.0945343678614775,0.0937762414947166,0.0836576689255961,0.1054110667973589,0.0625,6.91544884889952,5,0.407644685550586,0.4120087674395805,0.0625,0.3125,frozen_task66
batr_fl_minus_plain_fedavg,balanced_accuracy,natural,cyclic_shift,8,5,5,0.0090167151381704,0.0059946219246919,-0.0002540086536322,0.0183877990303545,0.25,0.7256896261807118,4,0.4031001467032446,0.4028044313298329,0.0625,0.3125,frozen_task66
batr_fl_minus_plain_fedavg,balanced_accuracy,natural,multiclass_partial_cycle,8,5,5,0.0173325684767647,0.0183741194509297,0.0078449984364861,0.0271893044843044,0.0625,1.3628240309852528,5,0.4031001467032446,0.4028044313298329,0.0625,0.3125,frozen_task66
batr_fl_minus_plain_fedavg,balanced_accuracy,natural,pairwise_swap,8,5,5,0.003150000122425,0.0028946492033832,0.0007420360979046,0.0055579641469455,0.125,1.03053225025546,4,0.4041901361434429,0.4028044313298329,0.0625,0.3125,frozen_task66
batr_fl_minus_plain_fedavg,balanced_accuracy,natural,random_flip,8,5,5,0.0124389339025769,0.0077012000697854,0.0054195068951415,0.0245230298854312,0.0625,0.9167545744088972,5,0.4031001467032446,0.4028044313298329,0.0625,0.3125,frozen_task66
batr_fl_minus_plain_fedavg,macro_f1,diagnostic,all_to_one_benign,8,5,5,0.119735636783675,0.1257257928243333,0.1047143169395988,0.1347569566277513,0.0625,6.159585184905286,5,0.4039408973705022,0.4093004150550872,0.0625,0.3125,frozen_task66
batr_fl_minus_plain_fedavg,macro_f1,diagnostic,cyclic_shift,8,5,5,0.0038546104715974,0.0015790224135421,-0.004664897155703,0.014506856245638,0.625,0.316295764319354,3,0.399238292844142,0.4001160175993228,0.0625,1.0,frozen_task66
batr_fl_minus_plain_fedavg,macro_f1,diagnostic,multiclass_partial_cycle,8,5,5,0.0100010355163407,0.0090227272901947,-0.0010319220161722,0.0229346482598175,0.25,0.6398243758791375,3,0.399238292844142,0.4001160175993228,0.0625,0.75,frozen_task66
batr_fl_minus_plain_fedavg,macro_f1,diagnostic,pairwise_swap,8,5,5,0.0008899978900254,0.0019991769371668,-0.0025291926384454,0.0041646105066667,0.6875,0.2017141612396689,3,0.4007194184142905,0.4001160175993228,0.0625,1.0,frozen_task66
batr_fl_minus_plain_fedavg,macro_f1,diagnostic,random_flip,8,5,5,0.0101270835868719,0.003692797650054,-0.0001302283123828,0.0261313281365984,0.1875,0.5734737610256091,4,0.399238292844142,0.4001160175993228,0.0625,0.75,frozen_task66
batr_fl_minus_plain_fedavg,macro_f1,natural,all_to_one_benign,8,5,5,0.0840707068180768,0.0804173261636037,0.0742252498754968,0.0939161637606569,0.0625,6.586945015054163,5,0.3190827298623613,0.3235886594595171,0.0625,0.3125,frozen_task66
batr_fl_minus_plain_fedavg,macro_f1,natural,cyclic_shift,8,5,5,0.0210285094210245,0.020699152948939,0.0145380022843404,0.0284806417264714,0.0625,2.2706406481340498,5,0.3165455883257013,0.322890473201417,0.0625,0.3125,frozen_task66
batr_fl_minus_plain_fedavg,macro_f1,natural,multiclass_partial_cycle,8,5,5,0.0153429970818618,0.0115671651844941,0.0083965319329474,0.0222894622307763,0.0625,1.7069274905648728,5,0.3165455883257013,0.322890473201417,0.0625,0.3125,frozen_task66
batr_fl_minus_plain_fedavg,macro_f1,natural,pairwise_swap,8,5,5,0.005071668339414,0.0035911314672342,0.0021761280992607,0.0083218110925689,0.0625,1.3059899933586328,5,0.316958244546757,0.3229467617678135,0.0625,0.3125,frozen_task66
batr_fl_minus_plain_fedavg,macro_f1,natural,random_flip,8,5,5,0.0212948070357005,0.0169616883538146,0.015042177511532,0.0288559473157585,0.0625,2.4594235907507493,5,0.3165455883257013,0.322890473201417,0.0625,0.3125,frozen_task66
p4p_minus_plain_fedavg,balanced_accuracy,diagnostic,all_to_one_benign,8,5,5,0.0036091499285129335,0.014833342625066082,-0.01984624258400901,0.022400431357143803,0.75,0.13422323877535614,3,0.31807162423959706,0.3221057862131428,0.0625,1.0,reviewer_v4327_postoutcome_matched_analysis
p4p_minus_plain_fedavg,balanced_accuracy,diagnostic,cyclic_shift,8,5,5,-0.002244905887606985,-0.0044091407179331354,-0.006991800375685264,0.005006308625750566,0.5625,-0.2785784240358687,1,0.389577963191115,0.3875998423637368,0.0625,1.0,reviewer_v4327_postoutcome_matched_analysis
p4p_minus_plain_fedavg,balanced_accuracy,diagnostic,multiclass_partial_cycle,8,5,5,0.01599764780522752,0.018386701468923516,0.004848423874429164,0.024555242119407416,0.125,1.2952486223108597,4,0.40060882628713435,0.3999422408472326,0.0625,0.625,reviewer_v4327_postoutcome_matched_analysis
p4p_minus_plain_fedavg,balanced_accuracy,diagnostic,pairwise_swap,8,5,5,0.0022778786666032614,0.002069462363794905,-0.005662043632700731,0.010217800965907253,0.5625,0.22332492477410212,3,0.4028704444505308,0.4036383260975495,0.0625,1.0,reviewer_v4327_postoutcome_matched_analysis
p4p_minus_plain_fedavg,balanced_accuracy,diagnostic,random_flip,8,5,5,-0.020132328313029968,-0.013999258265157688,-0.04911064750831381,0.0023757520673106216,0.1875,-0.6348673670684852,1,0.36854693287946577,0.3717676451588872,0.0625,0.75,reviewer_v4327_postoutcome_matched_analysis
p4p_minus_plain_fedavg,balanced_accuracy,natural,all_to_one_benign,8,5,5,0.0036612905258279317,0.014549357519844042,-0.019582903861842103,0.022276205861017674,0.75,0.13794308591281862,3,0.31677160821493644,0.3204566302149308,0.0625,1.0,reviewer_v4327_postoutcome_matched_analysis
p4p_minus_plain_fedavg,balanced_accuracy,natural,cyclic_shift,8,5,5,-0.000540343600424198,-0.006912730474817219,-0.008717368435654581,0.011403208439689594,0.9375,-0.03975499577790927,1,0.39354308796465004,0.3966086293877889,0.0625,1.0,reviewer_v4327_postoutcome_matched_analysis
p4p_minus_plain_fedavg,balanced_accuracy,natural,multiclass_partial_cycle,8,5,5,0.015337956185283585,0.017673926706369303,0.004887907851626605,0.02461057080841015,0.125,1.255733180197967,4,0.40110553441176344,0.4002534656726781,0.0625,0.625,reviewer_v4327_postoutcome_matched_analysis
p4p_minus_plain_fedavg,balanced_accuracy,natural,pairwise_swap,8,5,5,0.0037514192734115714,0.005808950527511403,-0.0026375269870254846,0.009029914572050046,0.3125,0.5085314461441391,4,0.40479155529442945,0.4024080459671922,0.0625,1.0,reviewer_v4327_postoutcome_matched_analysis
p4p_minus_plain_fedavg,balanced_accuracy,natural,random_flip,8,5,5,-0.020528450358155946,-0.013466794453173891,-0.04954433582944158,0.003849325529052583,0.25,-0.6070143820921029,1,0.3701327624425118,0.3713360994820404,0.0625,1.0,reviewer_v4327_postoutcome_matched_analysis
p4p_minus_plain_fedavg,macro_f1,diagnostic,all_to_one_benign,8,5,5,0.0005757809813212222,0.005773229209609265,-0.02235723431911791,0.020377351187604965,1.0,0.021218761633454476,3,0.2847810415681484,0.2854392750012194,0.0625,1.0,reviewer_v4327_postoutcome_matched_analysis
p4p_minus_plain_fedavg,macro_f1,diagnostic,cyclic_shift,8,5,5,-0.033683029932274365,-0.02390060935812499,-0.05610778981865505,-0.011258270045893682,0.0625,-1.17201718191496,0,0.36170065244027017,0.3707941337279964,0.0625,0.3125,reviewer_v4327_postoutcome_matched_analysis
p4p_minus_plain_fedavg,macro_f1,diagnostic,multiclass_partial_cycle,8,5,5,0.008522737042142525,0.012790905157243904,-0.0030168375730919906,0.01551031057124137,0.25,0.6660517701191766,4,0.39775999436994375,0.398853056901791,0.0625,0.75,reviewer_v4327_postoutcome_matched_analysis
p4p_minus_plain_fedavg,macro_f1,diagnostic,pairwise_swap,8,5,5,-0.015138481306740104,0.0026113751589131318,-0.051092033383561254,0.009671510794209037,0.6875,-0.37182537395094456,3,0.38469093921752484,0.3906483202211524,0.0625,1.0,reviewer_v4327_postoutcome_matched_analysis
p4p_minus_plain_fedavg,macro_f1,diagnostic,random_flip,8,5,5,-0.05161831184457908,-0.0557935134734846,-0.07390268691032609,-0.02933393677883207,0.0625,-1.8112837415963312,0,0.33749289741269106,0.3241197469003381,0.0625,0.3125,reviewer_v4327_postoutcome_matched_analysis
p4p_minus_plain_fedavg,macro_f1,natural,all_to_one_benign,8,5,5,0.00994200825826116,0.013744184512932689,-0.010037291823886584,0.028246122511747622,0.4375,0.40639523800259,4,0.24495403130254562,0.2489500754999027,0.0625,1.0,reviewer_v4327_postoutcome_matched_analysis
p4p_minus_plain_fedavg,macro_f1,natural,cyclic_shift,8,5,5,0.001135757547813998,-0.001744228567023609,-0.004592623314046462,0.008988707945270935,0.9375,0.12700087261008958,2,0.29665283645249074,0.3005033802518509,0.0625,1.0,reviewer_v4327_postoutcome_matched_analysis
p4p_minus_plain_fedavg,macro_f1,natural,multiclass_partial_cycle,8,5,5,0.017486141367858477,0.019234750362924602,0.007008610160830509,0.02839803699232849,0.125,1.2958945964065773,4,0.31868873261169794,0.3167222797858893,0.0625,0.5,reviewer_v4327_postoutcome_matched_analysis
p4p_minus_plain_fedavg,macro_f1,natural,pairwise_swap,8,5,5,0.0021808964360404692,0.008172224053539623,-0.010663031639342402,0.012299426660504686,0.8125,0.1452558192278026,3,0.3140674726433835,0.3159117371213711,0.0625,1.0,reviewer_v4327_postoutcome_matched_analysis
p4p_minus_plain_fedavg,macro_f1,natural,random_flip,8,5,5,-0.01894717198200719,-0.006747753176864102,-0.04087597165652637,-0.00390784913808021,0.0625,-0.7742706112873146,0,0.2763036093079936,0.2857491545905314,0.0625,0.3125,reviewer_v4327_postoutcome_matched_analysis
