monitoring_round,global_round,mode,attack_type,arm,trusted_clients,rejected_clients,magnitude_rejected_clients,ensemble_anomalous_clients,permanently_banned_clients,malicious_recall,benign_false_positive_rate,detection_precision,phase_local_training_seconds,phase_probe_seconds,phase_detector_seconds,phase_mitigation_seconds,phase_aggregation_seconds,phase_validation_seconds,round_seconds,val_accuracy,val_balanced_accuracy,val_macro_f1,val_weighted_f1,val_mcc,val_log_loss,val_ece_15bin,val_source_support,val_target_support,val_source_recall,val_target_recall,val_source_to_target_count,val_source_to_target_rate,val_target_to_source_count,val_target_to_source_rate,model_seed,condition_output_source
1,5,strong_attack,all_to_one_benign,p4p_matched,17,3,1,2,0,0.125,0.1666666666666666,0.3333333333333333,26.70965680000154,0.0738356000001658,1.544603400001506,1.0100000508828089e-05,0.0161544000002322,2.509293600000092,30.8556043000026,0.3396150531456478,0.2587042869999674,0.2208308682530632,0.2899316323920324,0.3416441718433725,2.1385673394501445,0.4306140970263883,19996,19988,0.5658131626325265,1.0,8530,0.4265853170634127,0,0.0,1379954285,audited_preflight_reused
2,6,strong_attack,all_to_one_benign,p4p_matched,20,0,0,0,0,0.0,0.0,0.0,26.58071029999701,0.0707924999987881,0.1482127999988733,1.1800002539530396e-05,0.0218271000012464,2.4930038999991666,29.316247999999177,0.3336151352238683,0.2541401143620204,0.2231508877897809,0.2929644701371705,0.3043627833924101,1.8834239812754048,0.3388342252159003,19996,19988,0.4910982196439288,0.9995997598559136,9789,0.4895479095819164,0,0.0,1379954285,audited_preflight_reused
3,7,strong_attack,all_to_one_benign,p4p_matched,19,1,0,1,0,0.0,0.0833333333333333,0.0,26.760821799998663,0.0729041000013239,0.1437652999993588,1.2999997125007212e-05,0.0189200999993772,2.445499400000699,29.444423000000825,0.3059465670784257,0.2330622559034067,0.1958658865985289,0.2571528123078823,0.3043688204898582,2.362604985176095,0.5048096013480846,19996,19988,0.4024804960992198,1.0,11794,0.5898179635927185,0,0.0,1379954285,audited_preflight_reused
4,8,strong_attack,all_to_one_benign,p4p_matched,18,2,1,1,0,0.125,0.0833333333333333,0.5,26.59613660000105,0.0686239000024215,0.1386439000016253,1.0100000508828089e-05,0.0169027999982063,2.5173112000011315,29.340550199998688,0.3263512127057085,0.2486034318834603,0.2129203655572751,0.279542325185776,0.3258108882286878,2.1291088061767613,0.4383863736389191,19996,19988,0.4493898779755951,1.0,10788,0.539507901580316,0,0.0,1379954285,audited_preflight_reused
1,5,strong_attack,all_to_one_benign,p4p_matched,18,2,2,0,0,0.125,0.0833333333333333,0.5,26.502547799998865,0.063085099998716,1.4999127999981283,1.2300002708798274e-05,0.0161422000019229,2.49628070000108,30.58007190000353,0.3643944679279353,0.277582430187812,0.2427410349295142,0.3186856694082953,0.361808227762159,1.9755581746480684,0.3854799402209736,19996,19988,0.668633726745349,0.9996497898739244,6202,0.3101620324064812,0,0.0,1886033230,full_grid
2,6,strong_attack,all_to_one_benign,p4p_matched,20,0,0,0,0,0.0,0.0,0.0,26.825596999999107,0.0809146999999939,0.1362251999998989,1.0300002031726764e-05,0.0229313999989244,2.4820491000027687,29.54957799999829,0.329347067755571,0.2508893660275538,0.2184646431524605,0.2868124267701512,0.324497759366067,1.9693303326778355,0.3885725071788887,19996,19988,0.4643428685737147,0.9996998198919352,10363,0.5182536507301461,0,0.0,1886033230,full_grid
3,7,strong_attack,all_to_one_benign,p4p_matched,18,2,1,1,0,0.125,0.0833333333333333,0.5,26.93558679999842,0.0643742000029305,0.139031700000487,1.0299998393747956e-05,0.0153791999982786,2.5921659999985422,29.74900820000039,0.4656051216809619,0.3546739728360653,0.343068527695697,0.4503915805064171,0.4320658202137777,1.5497128249579275,0.1581421112801248,19996,19988,0.6884376875375074,0.959925955573344,4669,0.2334966993398679,0,0.0,1886033230,full_grid
4,8,strong_attack,all_to_one_benign,p4p_matched,18,2,2,0,0,0.125,0.0833333333333333,0.5,27.01855699999942,0.0763841999978467,0.1402189000000362,1.0299998393747956e-05,0.015558899998723,2.578141900001356,29.831113899999764,0.422883407887717,0.3221321009083506,0.2877849264229031,0.377815047105785,0.4151799585618357,1.6766770625034637,0.3025351612563467,19996,19988,0.6824364872974595,0.996397838703222,5494,0.274754950990198,0,0.0,1886033230,full_grid
1,5,strong_attack,all_to_one_benign,p4p_matched,17,3,1,2,0,0.125,0.1666666666666666,0.3333333333333333,26.53650760000164,0.0753695999992487,1.5185186000016984,1.2600001355167478e-05,0.0184358000005886,2.6071406999981264,30.75834949999989,0.3285180777280748,0.2502523327262241,0.2119132861709956,0.2782243819908499,0.3296583965016963,2.2363884681401704,0.4446021969811046,19996,19988,0.5381076215243049,1.0,9114,0.4557911582316463,0,0.0,480705558,full_grid
2,6,strong_attack,all_to_one_benign,p4p_matched,20,0,0,0,0,0.0,0.0,0.0,26.55955460000041,0.0765155000008235,0.1400924000008672,1.2000000424450263e-05,0.0189814000004844,2.5261750999998185,29.323218099998485,0.3537899618336274,0.2695056157324447,0.2371823398891452,0.3113873753963446,0.3245023544240585,1.9394428993351631,0.3548568235522268,19996,19988,0.5937187437487498,0.9998499099459676,7704,0.3852770554110822,0,0.0,480705558,full_grid
3,7,strong_attack,all_to_one_benign,p4p_matched,18,2,0,2,0,0.0,0.1666666666666666,0.0,27.069152200001557,0.0763949000029242,0.1531320000030973,1.3899996702093633e-05,0.0202510999988589,2.543162099998881,29.86466890000156,0.2163992284647269,0.1648606762613489,0.0977118133883681,0.1282819666513836,0.1803070156419371,2.7079250062745905,0.6055880039058369,19996,19988,0.0,1.0,19964,0.9983996799359872,0,0.0,480705558,full_grid
4,8,strong_attack,all_to_one_benign,p4p_matched,17,3,2,1,0,0.25,0.0833333333333333,0.6666666666666666,27.02735820000089,0.0752517999972042,0.1363407999997434,1.340000017080456e-05,0.0136932999994314,2.603558900002099,29.85877509999773,0.4251159354865186,0.3238297981362003,0.288853822426459,0.3792218686284982,0.4091794459144221,1.6145797157284414,0.2739009475033641,19996,19988,0.6877875575115023,0.9750350210126076,5324,0.26625325065013,0,0.0,480705558,full_grid
1,5,strong_attack,all_to_one_benign,p4p_matched,17,3,1,2,0,0.125,0.1666666666666666,0.3333333333333333,26.38603169999988,0.0678962999991199,1.5044815000001108,1.0399999155197293e-05,0.01855599999908,2.4756133999981103,30.454539599999407,0.3467476505109369,0.2641372077291614,0.2262171252529163,0.2970021054733804,0.35095405003996,2.0902577174864216,0.414785782827354,19996,19988,0.6006201240248049,1.0,7816,0.390878175635127,0,0.0,1377035733,full_grid
2,6,strong_attack,all_to_one_benign,p4p_matched,18,2,2,0,0,0.125,0.0833333333333333,0.5,26.64439759999732,0.0728067000018199,0.1379433000001881,1.0699997801566496e-05,0.0181560999990324,2.5333324000021094,29.40862709999783,0.4200435014568884,0.3199635938173402,0.2805397445581603,0.3683121028394771,0.416342570469361,1.6820290693597342,0.3099676535701506,19996,19988,0.6822364472894579,0.9865919551731038,5641,0.2821064212842568,2,0.0001000600360216,1377035733,full_grid
3,7,strong_attack,all_to_one_benign,p4p_matched,17,3,2,1,0,0.25,0.0833333333333333,0.6666666666666666,27.13232959999732,0.0693666000006487,0.1406153000025369,9.800001862458885e-06,0.0175211000023409,2.564297199998691,29.92662459999701,0.4297369393031559,0.3273561918950554,0.3175008335478104,0.4168249784031398,0.3862887653509319,1.568800868832962,0.1983867371131307,19996,19988,0.6919383876775355,0.9764358615169102,4805,0.2402980596119223,2,0.0001000600360216,1377035733,full_grid
4,8,strong_attack,all_to_one_benign,p4p_matched,16,4,2,2,0,0.125,0.25,0.25,27.00054049999744,0.0757397000015771,0.1439023000020824,1.2299999070819467e-05,0.016526999999769,2.6836442000021634,29.922876499997077,0.3954610744039069,0.3012392056224058,0.2617632820254609,0.3436665489133654,0.3990984770734997,1.894132999032976,0.3674872601896709,19996,19988,0.6264252850570114,0.9995997598559136,7015,0.3508201640328066,0,0.0,1377035733,full_grid
1,5,strong_attack,all_to_one_benign,p4p_matched,16,4,2,2,0,0.125,0.25,0.25,26.11727080000128,0.0795766999981424,1.510761800000182,1.3500000932253895e-05,0.0168162999980268,2.5601579999965907,30.286643300001742,0.3346000738703985,0.2548849387981839,0.2178249046564274,0.2859846577556861,0.3355144610326733,2.307943283037352,0.4585010592407618,19996,19988,0.5418083616723345,0.9999499699819892,9025,0.4513402680536107,0,0.0,1707771978,full_grid
2,6,strong_attack,all_to_one_benign,p4p_matched,18,2,2,0,0,0.125,0.0833333333333333,0.5,26.648506199999247,0.0713357999993604,0.1437447999996948,1.0699997801566496e-05,0.0172669999992649,2.5245899000001373,29.407101099997817,0.4125169286329872,0.3142306353788044,0.275544133499961,0.3617552727981784,0.4083886882328574,1.756445559483924,0.3301146698305004,19996,19988,0.6742348469693938,0.9894436661997198,5818,0.2909581916383276,0,0.0,1707771978,full_grid
3,7,strong_attack,all_to_one_benign,p4p_matched,19,1,1,0,0,0.125,0.0,1.0,26.773724700000457,0.068029199999728,0.1439000999998825,1.3299999409355223e-05,0.0204009999979462,2.664567399999214,29.67298220000157,0.3862518980588501,0.2942393147341461,0.2587687691893309,0.3397087777029836,0.3441560370681438,1.6367423188415853,0.2572452519163689,19996,19988,0.6839867973594719,0.9836401841104664,5192,0.2596519303860772,0,0.0,1707771978,full_grid
4,8,strong_attack,all_to_one_benign,p4p_matched,16,4,2,2,0,0.125,0.25,0.25,27.21757509999952,0.0735377999990305,0.1620236999988265,1.6100002540042624e-05,0.0173730999995314,2.609797799999797,30.082774399998016,0.3984240981655517,0.303495995439978,0.2643091253875793,0.3470084625069215,0.4020950128610934,1.940203642656652,0.4054090946417699,19996,19988,0.626875375075015,0.9977986792075244,7065,0.3533206641328266,0,0.0,1707771978,full_grid
1,5,strong_attack,cyclic_shift,p4p_matched,18,2,2,0,0,0.125,0.0833333333333333,0.5,26.144911800001864,0.0748653000009653,1.5000123999998325,9.69999746303074e-06,0.0179425999995146,2.511776600000303,30.25207070000033,0.5046907703040998,0.3844268918386599,0.3761781216450852,0.4938548953028061,0.4260788931141311,1.4569998545136431,0.0978039787332198,19996,19988,0.6961892378475695,0.6187212327396437,2353,0.1176735347069413,0,0.0,1379954285,full_grid
2,6,strong_attack,cyclic_shift,p4p_matched,17,3,2,1,0,0.25,0.0833333333333333,0.6666666666666666,26.77070289999756,0.0731740999981411,0.1433870999971986,1.720000000204891e-05,0.0187920999997004,2.64298670000062,29.651233600001436,0.4697993187507694,0.3578751701488206,0.3560078394512773,0.467362916381934,0.4017968986690271,1.4352058231300502,0.1186876037723963,19996,19988,0.6971894378875775,0.7640584350610367,3178,0.1589317863572714,28,0.0014008405043025,1379954285,full_grid
3,7,strong_attack,cyclic_shift,p4p_matched,16,4,2,2,0,0.125,0.25,0.25,26.72764780000216,0.0815227999992203,0.1421707000008609,1.1000000085914508e-05,0.0131923999979335,2.55585919999794,29.52278860000297,0.3356342594492551,0.365779108314976,0.2969200441281937,0.3830471100980854,0.3246487041876938,1.7450754905428425,0.1838728079960647,19996,19988,0.6324264852970594,0.2574044426655993,904,0.0452090418083616,9,0.0004502701620972,1379954285,full_grid
4,8,strong_attack,cyclic_shift,p4p_matched,16,4,3,1,0,0.25,0.1666666666666666,0.5,26.894868399998813,0.0675315000007685,0.145393700000568,1.250000059371814e-05,0.0152105999986815,2.5960215000013704,29.72134890000234,0.4720236385275167,0.3595664244963236,0.3541105006204816,0.4648767100645485,0.4196965367884772,1.4216675175479854,0.1310236676837172,19996,19988,0.6965893178635727,0.8610666399839904,3980,0.1990398079615923,21,0.0010506303782269,1379954285,full_grid
1,5,strong_attack,cyclic_shift,p4p_matched,18,2,2,0,0,0.125,0.0833333333333333,0.5,26.35437059999822,0.0767467999976361,1.507481299999199,9.499999578110874e-06,0.0168821000006573,2.478187100001378,30.436058700001013,0.522255509500554,0.398218646483637,0.388543777736228,0.5092011898792616,0.4517416588768074,1.4309873062256326,0.0986982826012216,19996,19988,0.6963892778555711,0.5986091654992995,1951,0.0975695139027805,2,0.0001000600360216,1886033230,full_grid
2,6,strong_attack,cyclic_shift,p4p_matched,18,2,2,0,0,0.125,0.0833333333333333,0.5,26.547725299999,0.0771112000002176,0.1411399000025994,1.0600000678095968e-05,0.0161355000018375,2.4914844000013545,29.2757735999985,0.5155415110600402,0.3926937342291172,0.3902212928140607,0.5122838397185042,0.4348514181336733,1.3923800848994812,0.0812363055040856,19996,19988,0.6965893178635727,0.535421252751651,2205,0.1102720544108821,23,0.0011506904142485,1886033230,full_grid
3,7,strong_attack,cyclic_shift,p4p_matched,17,3,2,1,0,0.125,0.1666666666666666,0.3333333333333333,26.65232829999877,0.0741660000021511,0.144583599998441,1.1399999493733048e-05,0.0144710000022314,2.477887000000919,29.365888799999084,0.4391020642672467,0.3807614948663827,0.3384913979260578,0.4385937937194799,0.3802401998063418,1.523930953742742,0.0938644128088113,19996,19988,0.6959391878375675,0.7079747848709226,3230,0.1615323064612922,33,0.0016509905943566,1886033230,full_grid
4,8,strong_attack,cyclic_shift,p4p_matched,17,3,2,1,0,0.25,0.0833333333333333,0.6666666666666666,26.573898999999077,0.0738190000010945,0.1422963000004529,1.089999932446517e-05,0.0135855000007723,2.553074999999808,29.35939380000127,0.4960889727910699,0.3779015523786934,0.3826175692672107,0.502298348532606,0.4068120886101672,1.418422476516528,0.1108739877558908,19996,19988,0.6969393878775755,0.5534320592355413,2403,0.1201740348069613,85,0.0042525515309185,1886033230,full_grid
1,5,strong_attack,cyclic_shift,p4p_matched,17,3,1,2,0,0.125,0.1666666666666666,0.3333333333333333,26.153384299999743,0.0712581999978283,1.496966099999554,1.2299999070819467e-05,0.0186083000007784,2.466292400000384,30.20883230000254,0.4274059178397012,0.3549394734341048,0.3485099947076385,0.452293452015634,0.3606473883117117,1.588253573591615,0.0837616541324195,19996,19988,0.6954890978195639,0.3447568541124675,1356,0.0678135627125425,0,0.0,480705558,full_grid
2,6,strong_attack,cyclic_shift,p4p_matched,16,4,3,1,0,0.25,0.1666666666666666,0.5,26.69451950000075,0.0694951000004948,0.1410732000003918,1.179999890155159e-05,0.0142692999979772,2.4905701000025147,29.41209660000095,0.4864529896991833,0.370551309475649,0.3670000969951461,0.4818054024474074,0.4290870715048273,1.4167512078647906,0.1010452267195277,19996,19988,0.6965893178635727,0.8467080248148889,3667,0.1833866773354671,7,0.0003502101260756,480705558,full_grid
3,7,strong_attack,cyclic_shift,p4p_matched,17,3,2,1,0,0.25,0.0833333333333333,0.6666666666666666,26.98595260000002,0.0718654000011156,0.1441319999976258,1.1299998732283711e-05,0.01709689999916,2.554978799998935,29.776295600000594,0.5393524028399065,0.4109824072718504,0.4053359271455237,0.53187463856135,0.4670573796177868,1.3870766650320816,0.0518941309053155,19996,19988,0.6967893578715744,0.5506303782269362,1262,0.0631126225245049,25,0.0012507504502701,480705558,full_grid
4,8,strong_attack,cyclic_shift,p4p_matched,16,4,2,2,0,0.125,0.25,0.25,26.87524619999749,0.0783086000010371,0.1426892999988922,9.800001862458885e-06,0.013113400000293,2.7115783000008378,29.823675199997524,0.357023843723068,0.3720034235591311,0.3126703153524467,0.4027563992065536,0.3287660992221828,1.714754642882593,0.157126706080513,19996,19988,0.6387777555511103,0.2324894936962177,952,0.0476095219043808,23,0.0011506904142485,480705558,full_grid
1,5,strong_attack,cyclic_shift,p4p_matched,17,3,1,2,0,0.125,0.1666666666666666,0.3333333333333333,26.489901900000405,0.0674929000015254,1.5212962000005064,9.800001862458885e-06,0.0172414000007847,2.482766299999639,30.58106620000035,0.3782246480896294,0.3617779519613855,0.325550225446546,0.4195214809914279,0.33983752337677,1.6668063921621623,0.1368031048368184,19996,19988,0.6948889777955591,0.2721132679607764,1616,0.0808161632326465,0,0.0,1377035733,full_grid
2,6,strong_attack,cyclic_shift,p4p_matched,15,5,4,1,0,0.375,0.1666666666666666,0.6,26.73266579999836,0.0806076000008033,0.1369028000008256,9.800001862458885e-06,0.0183434999999008,2.536378299999342,29.50708239999949,0.4930849099191529,0.3756004106442507,0.3725974981054944,0.4891539728086316,0.4383197079841544,1.4165447888550668,0.1046802220857015,19996,19988,0.6968893778755751,0.8314988993396037,3684,0.1842368473694739,20,0.0010006003602161,1377035733,full_grid
3,7,strong_attack,cyclic_shift,p4p_matched,17,3,2,1,0,0.25,0.0833333333333333,0.6666666666666666,33.50514710000061,0.0880590999986452,0.1513612000017019,1.6999998479150236e-05,0.0147437999985413,3.042709299999842,36.80456699999922,0.561480691098617,0.4282603091044832,0.4244287326901345,0.5558110806238016,0.4855957403409555,1.383902237613187,0.0690829184612707,19996,19988,0.6965893178635727,0.4624774864918951,1721,0.0860672134426885,20,0.0010006003602161,1377035733,full_grid
4,8,strong_attack,cyclic_shift,p4p_matched,17,3,2,1,0,0.125,0.1666666666666666,0.3333333333333333,33.3796540000003,0.1001501999999163,0.1629269999975804,1.670000347075984e-05,0.0198557000003347,3.258056000002398,36.92337659999976,0.4703820741166331,0.3774285874785733,0.365923779509524,0.4725464369052964,0.4004621064039703,1.5343399107104458,0.0476334888319578,19996,19988,0.6462792558511702,0.6971683009805884,3336,0.1668333666733346,0,0.0,1377035733,full_grid
1,5,strong_attack,cyclic_shift,p4p_matched,16,4,2,2,0,0.125,0.25,0.25,31.09291640000083,0.0855602000010549,1.5175861999996414,9.899998985929416e-06,0.0180312000011326,2.8678507000004174,35.58439439999711,0.4327984569294538,0.3730156719187922,0.3532164249865532,0.4576965734729799,0.3792366537787806,1.6244454959981016,0.0918478683703465,19996,19988,0.6936387277455491,0.4341104662797678,1325,0.0662632526505301,1,5.003001801080648e-05,1707771978,full_grid
2,6,strong_attack,cyclic_shift,p4p_matched,16,4,3,1,0,0.25,0.1666666666666666,0.5,31.84633770000073,0.0838217999989865,0.1501090999990992,1.2799999240087344e-05,0.0206714000014471,2.8600890999987314,34.96332850000181,0.471440883161653,0.3591189378913668,0.3532343982504475,0.463729612038628,0.4149194090545188,1.434059191217016,0.1170277671989775,19996,19988,0.6962892578515704,0.8474084450670403,3686,0.1843368673734746,20,0.0010006003602161,1707771978,full_grid
3,7,strong_attack,cyclic_shift,p4p_matched,17,3,2,1,0,0.25,0.0833333333333333,0.6666666666666666,31.59365040000193,0.0852121999996597,0.1463189999994938,1.1100000847363845e-05,0.0139616999986174,3.025554199997714,34.8670323999977,0.5608240653342635,0.4272429403696417,0.4201880539644472,0.5515981681062263,0.4870448651815444,1.401873088697772,0.0725983298924673,19996,19988,0.6966393278655731,0.5012007204322594,2126,0.1063212642528505,14,0.0007004202521512,1707771978,full_grid
4,8,strong_attack,cyclic_shift,p4p_matched,16,4,2,2,0,0.125,0.25,0.25,31.964793900002405,0.0745138000020233,0.1478362999987439,1.2300002708798274e-05,0.0181703000016568,3.0670197999970696,35.274736100000155,0.3481347724381335,0.3736447684439074,0.3005703435578817,0.3858199195813111,0.3244846565024664,1.713839002740212,0.1598755757289586,19996,19988,0.6072714542908582,0.3378527116269761,1098,0.0549109821964392,0,0.0,1707771978,full_grid
1,5,strong_attack,multiclass_partial_cycle,p4p_matched,17,3,1,2,0,0.125,0.1666666666666666,0.3333333333333333,31.412283599998773,0.0793951999985438,1.5239087000009022,1.059999704011716e-05,0.0185289000000921,2.949547099997289,35.98618010000064,0.4185743013091476,0.3954047558621807,0.3724316056056455,0.4791499191202248,0.387052834161704,1.5749782401658,0.1355732833882653,19996,19988,0.6789357871574315,0.4033420052031218,1101,0.0550610122024404,0,0.0,1379954285,full_grid
2,6,strong_attack,multiclass_partial_cycle,p4p_matched,15,5,4,1,0,0.25,0.25,0.4,31.87760519999938,0.078149700002541,0.1400498999973933,1.3900000340072438e-05,0.0180327999987639,2.893200099999376,35.00913990000117,0.4643739483727993,0.3656796355769582,0.3621236902193922,0.4692368074494913,0.3957101718825471,1.5476650739421622,0.1056477710245354,19996,19988,0.6914382876575315,0.7346407844706824,2940,0.1470294058811762,28,0.0014008405043025,1379954285,full_grid
3,7,strong_attack,multiclass_partial_cycle,p4p_matched,16,4,3,1,0,0.125,0.25,0.25,31.662522399998124,0.0922221000000718,0.142931000002136,1.21000011858996e-05,0.014128900002106,2.5468522000010125,34.461059199999,0.4684778594000082,0.3802214071944818,0.3755216930950699,0.4821680337182187,0.3874563556889239,1.540963547149732,0.0894381093455053,19996,19988,0.655881176235247,0.6312787672603563,2711,0.1355771154230846,18,0.0009005403241945,1379954285,full_grid
4,8,strong_attack,multiclass_partial_cycle,p4p_matched,16,4,3,1,0,0.125,0.25,0.25,26.66899469999771,0.0733566999988397,0.1351495999988401,1.0399999155197293e-05,0.0139168999994581,2.6864798000024166,29.580614499998774,0.4187712890384536,0.3869124960265874,0.3642825491943824,0.4685608724860456,0.3725496738447983,1.582512534080036,0.1247024220041432,19996,19988,0.6869873974794959,0.3713227936762057,643,0.0321564312862572,27,0.0013508104862917,1379954285,full_grid
1,5,strong_attack,multiclass_partial_cycle,p4p_matched,17,3,1,2,0,0.125,0.1666666666666666,0.3333333333333333,26.3610327000024,0.0703304999988176,1.5202148999997007,1.0100000508828089e-05,0.0180650999973295,2.660102199999528,30.63181479999912,0.398547215496368,0.3637380523287604,0.3366563004326576,0.43753190748435,0.365307718770566,1.5638735154366543,0.1165252463666954,19996,19988,0.6789357871574315,0.4608765259155493,1267,0.0633626725345069,0,0.0,1886033230,full_grid
2,6,strong_attack,multiclass_partial_cycle,p4p_matched,17,3,3,0,0,0.125,0.1666666666666666,0.3333333333333333,26.71833169999809,0.0719281000019691,0.1457040999994205,1.049999991664663e-05,0.0171879999979864,2.5469891000029747,29.502702800000407,0.4920671399844051,0.3748269579338106,0.3740155841734178,0.4910150975129678,0.430677966201402,1.4462150040806263,0.0995565226862209,19996,19988,0.6831366273254651,0.8191915149089454,3897,0.1948889777955591,9,0.0004502701620972,1886033230,full_grid
3,7,strong_attack,multiclass_partial_cycle,p4p_matched,17,3,2,1,0,0.125,0.1666666666666666,0.3333333333333333,26.58433789999981,0.0699959999983548,0.1377059000005829,9.899998985929416e-06,0.0142769999984011,2.6299175000021933,29.43832280000061,0.5132515287068576,0.3919110670524896,0.3897818515618694,0.5097567722904354,0.4501974897268209,1.4816429101779751,0.0939331296411399,19996,19988,0.6860372074414883,0.3147388433059836,962,0.0481096219243848,20,0.0010006003602161,1886033230,full_grid
4,8,strong_attack,multiclass_partial_cycle,p4p_matched,17,3,2,1,0,0.125,0.1666666666666666,0.3333333333333333,26.590015300000232,0.0768970999997691,0.1457159999990835,1.2699998478638008e-05,0.016840599997522,2.5966413999994984,29.428461499999685,0.4972052365904707,0.378742857447464,0.3767800977000126,0.4946418247120884,0.4431180326510853,1.409969516794777,0.1196379297020935,19996,19988,0.6841368273654731,0.8479587752651591,3928,0.1964392878575715,1,5.003001801080648e-05,1886033230,full_grid
1,5,strong_attack,multiclass_partial_cycle,p4p_matched,17,3,1,2,0,0.125,0.1666666666666666,0.3333333333333333,25.930808400000387,0.0868740000005345,1.513439099999232,1.0699997801566496e-05,0.0185672000006889,2.4485371000009764,30.000800900001195,0.4144293511716665,0.375394604436707,0.3545099574462081,0.4607028644216937,0.3757361307690878,1.5712211055612386,0.1146657303524986,19996,19988,0.6663332666533307,0.4547228337002201,1010,0.050510102020404,0,0.0,480705558,full_grid
2,6,strong_attack,multiclass_partial_cycle,p4p_matched,17,3,3,0,0,0.125,0.1666666666666666,0.3333333333333333,26.62020459999985,0.0711927000011201,0.1575292999987141,1.250000059371814e-05,0.0201878000007127,2.7986127999975,29.66990540000188,0.4800262650305741,0.3656554984736259,0.365924663242422,0.4803922989453669,0.4142036467825224,1.4688594740953151,0.0921056425871671,19996,19988,0.6790858171634326,0.7919751851110667,3339,0.1669833966793358,12,0.0006003602161296,480705558,full_grid
3,7,strong_attack,multiclass_partial_cycle,p4p_matched,16,4,3,1,0,0.125,0.25,0.25,26.899697600001677,0.0736063000003923,0.1413529999990714,1.04000027931761e-05,0.0142721999982313,2.60759109999708,29.7388432000007,0.4203718143390651,0.3901620820152331,0.37316200211463,0.480634747899644,0.3866026100456251,1.5765200339355914,0.1295354126270083,19996,19988,0.6675835167033407,0.352111266760056,619,0.0309561912382476,0,0.0,480705558,full_grid
4,8,strong_attack,multiclass_partial_cycle,p4p_matched,15,5,4,1,0,0.25,0.25,0.4,26.24539359999835,0.0708340000019234,0.1450289000022167,1.1699998140102252e-05,0.0155454999985522,2.6810250999988057,29.16034610000133,0.4826117289777157,0.3756878809067345,0.3764165273864639,0.4900908190854681,0.4129628587866819,1.4523574445421843,0.0970684270958894,19996,19988,0.6904380876175235,0.7311887132279368,2994,0.1497299459891978,20,0.0010006003602161,480705558,full_grid
1,5,strong_attack,multiclass_partial_cycle,p4p_matched,17,3,1,2,0,0.125,0.1666666666666666,0.3333333333333333,25.931438899999197,0.0667251000013493,1.5043810999995912,9.999999747378752e-06,0.0185722000023815,2.491188299998612,30.01451299999826,0.3944515122912135,0.3606103237044215,0.3334382014509149,0.4331704464394747,0.3562590287337633,1.623676318293359,0.1637564350696949,19996,19988,0.666383276655331,0.4421652991795077,1559,0.0779655931186237,2,0.0001000600360216,1377035733,full_grid
2,6,strong_attack,multiclass_partial_cycle,p4p_matched,17,3,3,0,0,0.125,0.1666666666666666,0.3333333333333333,26.32708520000233,0.0717946000004303,0.1438871999998809,1.049999991664663e-05,0.0186087000001862,2.4983537000007345,29.062249699996755,0.4895883777239709,0.3729387745590454,0.3719429055477572,0.4882943798211038,0.43295197591438,1.4541725769953375,0.0878883307931319,19996,19988,0.6867873574714943,0.8315989593756253,3710,0.1855371074214843,11,0.0005503301981188,1377035733,full_grid
3,7,strong_attack,multiclass_partial_cycle,p4p_matched,17,3,2,1,0,0.125,0.1666666666666666,0.3333333333333333,26.43952370000261,0.0921592000013333,0.1572749000006297,1.0600000678095968e-05,0.0148492000007536,2.5679087999997137,29.273982599999727,0.5469035991299709,0.4172461966646279,0.4143153223473789,0.5423753139835347,0.475512999370094,1.4422556219094744,0.0676640223448256,19996,19988,0.6858371674334867,0.3645687412447468,821,0.0410582116423284,3,0.0001500900540324,1377035733,full_grid
4,8,strong_attack,multiclass_partial_cycle,p4p_matched,17,3,2,1,0,0.125,0.1666666666666666,0.3333333333333333,26.3257150999998,0.0662907000005361,0.1417733000016596,9.2999980552122e-06,0.013983000000735,2.6773401999998896,29.22774650000065,0.4983132925678171,0.3797606730714968,0.3794378667528397,0.4976769961699815,0.4435361568977498,1.413400508265469,0.1301382693122639,19996,19988,0.6855371074214843,0.8438062837702621,3890,0.1945389077815563,1,5.003001801080648e-05,1377035733,full_grid
1,5,strong_attack,multiclass_partial_cycle,p4p_matched,17,3,1,2,0,0.125,0.1666666666666666,0.3333333333333333,26.089629399997648,0.0686945999987074,1.5042692000024545,1.0299998393747956e-05,0.0176524999988032,2.523241700000653,30.20554329999868,0.3964378052283826,0.3595285066726585,0.3297924872434213,0.4283692870776798,0.3543635628808058,1.580523662605569,0.1321331621636479,19996,19988,0.6684836967393478,0.5077046227736642,1567,0.0783656731346269,0,0.0,1707771978,full_grid
2,6,strong_attack,multiclass_partial_cycle,p4p_matched,15,5,4,1,0,0.25,0.25,0.4,26.576333299999533,0.0800038999987009,0.1473914999987755,1.049999991664663e-05,0.013531900000089,2.549360799999704,29.36881490000087,0.464603767390323,0.3544327090539517,0.3575827276289298,0.4682063185976629,0.3903548303831217,1.5357344811874054,0.1084345968056407,19996,19988,0.6770354070814163,0.7220332199319591,2889,0.1444788957791558,11,0.0005503301981188,1707771978,full_grid
3,7,strong_attack,multiclass_partial_cycle,p4p_matched,16,4,3,1,0,0.25,0.1666666666666666,0.5,26.630802600000607,0.0738484000030439,0.1419408000001567,1.0699997801566496e-05,0.0130284000006213,2.563766299997951,29.426182100000005,0.5004637419460746,0.3812131678788445,0.3835861264453052,0.5035821776627792,0.4241854525582904,1.399120803563241,0.0862397829547007,19996,19988,0.6800360072014403,0.6674504702821693,2910,0.1455291058211642,2,0.0001000600360216,1707771978,full_grid
4,8,strong_attack,multiclass_partial_cycle,p4p_matched,17,3,2,1,0,0.125,0.1666666666666666,0.3333333333333333,26.616552800001955,0.0742595999981858,0.1467316999987815,1.0200001270277426e-05,0.0153322999976808,2.5447156000009272,29.40011279999817,0.4852218163910206,0.3723465112123893,0.3687368229707622,0.4787731810455818,0.4116141348352112,1.5222766418923914,0.1084919336016639,19996,19988,0.6599819963992799,0.4424654792875725,1211,0.0605621124224845,10,0.000500300180108,1707771978,full_grid
1,5,strong_attack,pairwise_swap,p4p_matched,18,2,2,0,0,0.125,0.0833333333333333,0.5,26.703145700001187,0.0747374000020499,1.497279499999422,9.999999747378752e-06,0.0190719999991415,2.509401000002981,30.805753199998435,0.5111585340829811,0.3893524656877196,0.3805536321831724,0.4995976388225782,0.4342305647948756,1.4417649396252414,0.071617770018926,19996,19988,0.6965393078615724,0.6060636381829098,2240,0.1120224044808961,13,0.0006503902341404,1379954285,full_grid
2,6,strong_attack,pairwise_swap,p4p_matched,18,2,2,0,0,0.125,0.0833333333333333,0.5,29.44821199999933,0.0883393000003707,0.1485422999976435,1.4200002624420447e-05,0.0208763000009639,3.071781300001021,32.78012799999851,0.4652686009767308,0.3546470914938275,0.3548639737496654,0.4653315227913624,0.3843691378625493,1.4341827096021804,0.114818147457198,19996,19988,0.6974394878975795,0.6840104062437462,2664,0.1332266453290658,30,0.0015009005403241,1379954285,full_grid
3,7,strong_attack,pairwise_swap,p4p_matched,16,4,2,2,0,0.125,0.25,0.25,34.5651566000015,0.0882602000019687,0.1471244000022125,1.170000177808106e-05,0.0171512000015354,2.9766797999982373,37.79804760000116,0.3407313169450486,0.3685487775270097,0.2983591424090646,0.3851880546422162,0.330865961448643,1.7511002655305,0.199239169089407,19996,19988,0.6993398679735947,0.2344406643986391,871,0.0435587117423484,112,0.0056033620172103,1379954285,full_grid
4,8,strong_attack,pairwise_swap,p4p_matched,15,5,4,1,0,0.25,0.25,0.4,33.19275630000266,0.0818426999976509,0.1461606999982905,1.3399996532825751e-05,0.0186562999988382,3.218574399998033,36.660567900002206,0.476193212131161,0.3776800986745376,0.3721827595597617,0.48033412342135,0.4041459430274204,1.4893214035528288,0.0670550443153181,19996,19988,0.6995899179835967,0.7019711827096258,3277,0.163882776555311,125,0.0062537522513508,1379954285,full_grid
1,5,strong_attack,pairwise_swap,p4p_matched,18,2,2,0,0,0.125,0.0833333333333333,0.5,32.46959130000323,0.0873762999981409,1.521716600000218,9.700001101009548e-06,0.0194630000005417,2.959084400001302,37.05918500000189,0.5176262978618623,0.3946903056766057,0.3836115365291452,0.5027051053696716,0.45030769747501,1.4305466546067878,0.0766605122355775,19996,19988,0.6969893978795759,0.4787372423454072,1503,0.0751650330066013,80,0.0040024014408645,1886033230,full_grid
2,6,strong_attack,pairwise_swap,p4p_matched,18,2,2,0,0,0.125,0.0833333333333333,0.5,33.22279759999947,0.0887189999994007,0.1378717000006872,1.3100001524435356e-05,0.0187136000022292,2.936578000000736,36.40721520000079,0.5195797595108138,0.395772196918155,0.3936192806838952,0.516741720545222,0.4393260541960817,1.3896883955403572,0.0745899270919622,19996,19988,0.6970394078815764,0.5252151290774465,2007,0.1003700740148029,74,0.0037022213327996,1886033230,full_grid
3,7,strong_attack,pairwise_swap,p4p_matched,17,3,2,1,0,0.125,0.1666666666666666,0.3333333333333333,33.771003400001064,0.0883075000019744,0.1427760999977181,1.250000059371814e-05,0.0179710000011255,2.914802100000088,36.93718060000174,0.419936799770181,0.3945532726599617,0.3406740742435452,0.4410381444485949,0.3731416917558342,1.5322904974521998,0.1140920162178212,19996,19988,0.6985897179435887,0.5625875525315189,2426,0.1213242648529706,150,0.0075045027016209,1886033230,full_grid
4,8,strong_attack,pairwise_swap,p4p_matched,16,4,3,1,0,0.25,0.1666666666666666,0.5,32.97687000000224,0.0889694999968924,0.1510395000004791,1.21000011858996e-05,0.0173194000017247,3.114149900000484,36.351800399999775,0.5071941560306973,0.3864275779773674,0.3859390463726229,0.5064411547317518,0.4273837742663108,1.3549363808191626,0.0856427382519116,19996,19988,0.6988897779555912,0.6148188913348008,3151,0.1575815163032606,119,0.0059535721432859,1886033230,full_grid
1,5,strong_attack,pairwise_swap,p4p_matched,18,2,2,0,0,0.125,0.0833333333333333,0.5,32.35892729999978,0.0886270999981206,1.560667599998851,9.999999747378752e-06,0.0182309000010718,2.986832400001731,37.01576790000036,0.4986662289161571,0.3804524679032881,0.3777146015370391,0.4943136723876918,0.4235539272623799,1.4113619799168473,0.0656366470238689,19996,19988,0.6965393078615724,0.6714528717230338,3095,0.1547809561912382,5,0.000250150090054,480705558,full_grid
2,6,strong_attack,pairwise_swap,p4p_matched,18,2,2,0,0,0.125,0.0833333333333333,0.5,33.51558550000118,0.0907611999973596,0.1466400999997859,1.309999788645655e-05,0.0218611999989661,2.948395999999775,36.72592199999781,0.4875856691426929,0.3715881262687814,0.3714155693667755,0.4871435392985683,0.4180702854253679,1.3928470669572406,0.0873856288884399,19996,19988,0.6972394478895779,0.7517010206123674,2903,0.1451790358071614,30,0.0015009005403241,480705558,full_grid
3,7,strong_attack,pairwise_swap,p4p_matched,16,4,2,2,0,0.125,0.25,0.25,32.9591130000008,0.0857405999995535,0.1496766999989631,1.929999780259095e-05,0.0171728999994229,2.996728300000541,36.2110425000028,0.3527557762547708,0.3751417794979928,0.3086503137112267,0.3978350461944149,0.3304685765895398,1.7339189975131069,0.1867752111593326,19996,19988,0.6979395879175835,0.1797078246948169,397,0.0198539707941588,101,0.0050530318190914,480705558,full_grid
4,8,strong_attack,pairwise_swap,p4p_matched,16,4,3,1,0,0.25,0.1666666666666666,0.5,32.833211299999675,0.0844247000022733,0.1307105000014417,1.300000076298602e-05,0.0147427000010793,3.0634819000006246,36.1290044999987,0.4953831000943899,0.3773571025841104,0.3726316345835707,0.4891937196858287,0.4461552548018832,1.3973264062255488,0.1151456724168881,19996,19988,0.6970394078815764,0.8789273564138483,3928,0.1964392878575715,18,0.0009005403241945,480705558,full_grid
1,5,strong_attack,pairwise_swap,p4p_matched,17,3,1,2,0,0.125,0.1666666666666666,0.3333333333333333,32.526169600001595,0.0865057000009983,1.53752429999804,1.0299998393747956e-05,0.0189964000019244,2.953983999999764,37.125641700000415,0.3668075676119341,0.3578233339871939,0.3134665001663876,0.4036148288406918,0.3333144500318556,1.6634987144752065,0.1422597429801994,19996,19988,0.6966393278655731,0.2411446868120872,1256,0.0628125625125025,66,0.0033019811887132,1377035733,full_grid
2,6,strong_attack,pairwise_swap,p4p_matched,16,4,3,1,0,0.25,0.1666666666666666,0.5,32.61580459999823,0.0806531000016548,0.144682100002683,1.1500000255182384e-05,0.0204749000004085,2.9161394000002474,35.78001500000028,0.4964911560717364,0.3781954733569705,0.3749057226406161,0.4921835385994325,0.4434013999070401,1.407520531789784,0.1003419805643507,19996,19988,0.6971894378875775,0.8356513908345007,3947,0.1973894778955791,20,0.0010006003602161,1377035733,full_grid
3,7,strong_attack,pairwise_swap,p4p_matched,17,3,2,1,0,0.25,0.0833333333333333,0.6666666666666666,33.25309019999986,0.0823987000003398,0.143190599999798,1.250000059371814e-05,0.0159869999988586,2.9408923000009963,36.4379603999987,0.5631468789756638,0.429440075386834,0.4255379779279875,0.557504385250289,0.4866719044812626,1.3818341785924195,0.0564379809673302,19996,19988,0.6967893578715744,0.4867420452271362,2041,0.1020704140828165,20,0.0010006003602161,1377035733,full_grid
4,8,strong_attack,pairwise_swap,p4p_matched,16,4,2,2,0,0.125,0.25,0.25,33.10373090000212,0.091517400000157,0.149120900001435,1.340000017080456e-05,0.0180020000007061,3.0803377000011096,36.445148900002096,0.3518529158287848,0.3807459074815147,0.3033481475131291,0.3890457439019171,0.3246666590156594,1.702559690349695,0.1737708033337705,19996,19988,0.6899379875975195,0.2473484090454272,1375,0.0687637527505501,116,0.0058034820892535,1377035733,full_grid
1,5,strong_attack,pairwise_swap,p4p_matched,16,4,2,2,0,0.125,0.25,0.25,32.5258247999991,0.0821273000001383,1.5214645999985803,9.799998224480078e-06,0.0181220999984361,2.9738286000028893,37.12370150000061,0.4076004432223909,0.3735961566453508,0.3365775273446905,0.4354010867502831,0.3606356228624592,1.6304232675574608,0.1008436288581013,19996,19988,0.6976395279055811,0.4121472883730238,1556,0.0778155631126225,42,0.0021012607564538,1707771978,full_grid
2,6,strong_attack,pairwise_swap,p4p_matched,17,3,3,0,0,0.125,0.1666666666666666,0.3333333333333333,33.46710930000336,0.0890378999974927,0.1450602000004437,1.300000076298602e-05,0.0222439000026497,3.058268599997973,36.78390339999896,0.494874215127016,0.3771375247793055,0.3710901232430879,0.4867256502678418,0.4362786915739635,1.4437808319151426,0.0884470825861682,19996,19988,0.6975395079015804,0.8190414248549129,3811,0.1905881176235247,50,0.0025015009005403,1707771978,full_grid
3,7,strong_attack,pairwise_swap,p4p_matched,17,3,2,1,0,0.125,0.1666666666666666,0.3333333333333333,33.206792299999506,0.0878880000018398,0.1506330000011075,1.3900000340072438e-05,0.0200509000023885,3.1117324000006192,36.57911249999961,0.5425616612631838,0.4261897566844115,0.4142598962837912,0.5361864154104928,0.4751309363521994,1.493008548187722,0.082996882495745,19996,19988,0.6972394478895779,0.391935161096658,1178,0.0589117823564712,59,0.0029517710626375,1707771978,full_grid
4,8,strong_attack,pairwise_swap,p4p_matched,17,3,2,1,0,0.125,0.1666666666666666,0.3333333333333333,33.14454329999717,0.0904243000004498,0.1523099000005459,1.2900000001536682e-05,0.0186731000030704,3.107994699999836,36.51698250000118,0.4951614888989207,0.3773588973772853,0.3737876913319167,0.4902615437720203,0.4438400653424563,1.4177351282870638,0.1198475557463418,19996,19988,0.6952890578115624,0.850060036021613,3967,0.1983896779355871,1,5.003001801080648e-05,1707771978,full_grid
1,5,strong_attack,random_flip,p4p_matched,18,2,2,0,0,0.125,0.0833333333333333,0.5,32.5795468000033,0.0759355999980471,1.5224645999987845,1.0300002031726764e-05,0.0179346999975678,2.9558498000005784,37.15406600000279,0.4498461033364797,0.3432875430912423,0.3443268906784094,0.4509568359147273,0.3696811089651325,1.5571508106689442,0.0649657900431407,19996,19988,0.6923884776955391,0.7592555533319992,3957,0.1978895779155831,0,0.0,1379954285,full_grid
2,6,strong_attack,random_flip,p4p_matched,18,2,1,1,0,0.25,0.0,1.0,33.12794710000162,0.0887462999999115,0.1503688000011607,1.3200002285884692e-05,0.0217063999989477,2.945220199999312,36.33628529999987,0.4642590388640374,0.3536661608330842,0.3545295917125169,0.465419232596241,0.3751467205846018,1.4472060238970688,0.1121336877771338,19996,19988,0.6961392278455691,0.6208725235141085,1993,0.0996699339867973,32,0.0016009605763458,1379954285,full_grid
3,7,strong_attack,random_flip,p4p_matched,16,4,2,2,0,0.125,0.25,0.25,33.51765830000295,0.0841015000005427,0.1488392999999632,1.3699998817173764e-05,0.0172371999979077,2.942063999998936,36.712090799999714,0.3116510034062461,0.3525180377694206,0.2894656834560807,0.3738637113038982,0.3162983133833049,1.83371727137363,0.1762726860686736,19996,19988,0.6859371874374875,0.2808685211126676,356,0.0178035607121424,1,5.003001801080648e-05,1379954285,full_grid
4,8,strong_attack,random_flip,p4p_matched,13,7,6,1,0,0.375,0.3333333333333333,0.4285714285714285,32.85345349999989,0.0791425000024901,0.1499866000012844,1.2800002878066152e-05,0.0140566999980364,3.0070711000007577,36.10642870000083,0.4324783518693315,0.3495497829712542,0.340019617837558,0.4370570757979804,0.3595164425581574,1.5446194393850268,0.0666488044312199,19996,19988,0.6896879375875175,0.7239843906343806,3132,0.156631326265253,29,0.0014508705223133,1379954285,full_grid
1,5,strong_attack,random_flip,p4p_matched,18,2,2,0,0,0.125,0.0833333333333333,0.5,32.45463269999891,0.0903584000006958,1.505672900002537,1.179999890155159e-05,0.0195741999996243,2.9900772999972105,37.06302049999795,0.4697746952846062,0.3586018518897736,0.3472538378067736,0.4541915887020547,0.3901201982035526,1.5557062276115572,0.0702466363231842,19996,19988,0.6921884376875375,0.6457374424654793,1938,0.0969193838767753,1,5.003001801080648e-05,1886033230,full_grid
2,6,strong_attack,random_flip,p4p_matched,17,3,2,1,0,0.25,0.0833333333333333,0.6666666666666666,32.82842080000046,0.0827266000014788,0.1472517000001971,1.37999995786231e-05,0.0205963000007614,2.953816699999152,36.03536059999897,0.5014240571264414,0.3819487844957009,0.3812479927315793,0.5005065943823719,0.4233026822342048,1.3852187231200437,0.0856922555707907,19996,19988,0.6927385477095419,0.6755053031819092,3387,0.169383876775355,7,0.0003502101260756,1886033230,full_grid
3,7,strong_attack,random_flip,p4p_matched,16,4,2,2,0,0.125,0.25,0.25,33.04333449999831,0.0861979000001156,0.1509436999986064,1.4599998394260185e-05,0.0174584999986109,2.9260656999977077,36.226565000000846,0.2708088808634629,0.3276818993680375,0.2639955790494538,0.3413505634186184,0.2798782182453849,1.839262548299282,0.202229008103021,19996,19988,0.6842368473694739,0.223884330598359,251,0.0125525105021004,0,0.0,1886033230,full_grid
4,8,strong_attack,random_flip,p4p_matched,12,8,7,1,0,0.375,0.4166666666666667,0.375,32.7723690999992,0.0842849000000569,0.1518536000003223,1.37999995786231e-05,0.0144049999980779,3.068488799999613,36.09428480000133,0.3257684573398449,0.3136640915849077,0.2941707263929441,0.3798641577255126,0.2764677404328477,1.6787969520241188,0.1126778828004968,19996,19988,0.6823864772954591,0.3094856914148489,1706,0.0853170634126825,2,0.0001000600360216,1886033230,full_grid
1,5,strong_attack,random_flip,p4p_matched,17,3,1,2,0,0.125,0.1666666666666666,0.3333333333333333,32.39974649999931,0.0946157999969727,1.536199399997713,1.0799998563015832e-05,0.0189393000000563,3.023093099996913,37.07502469999963,0.3497845446710715,0.3645905183525142,0.3073506856677573,0.3975135717407793,0.3295208117530833,1.7150954229422124,0.1547462733492823,19996,19988,0.6898379675935187,0.4675805483289974,1226,0.0613122624524904,0,0.0,480705558,full_grid
2,6,strong_attack,random_flip,p4p_matched,14,6,5,1,0,0.375,0.25,0.5,33.444757799999934,0.0903014000032271,0.151475599999685,1.3500000932253895e-05,0.0181004999976721,2.9797717000001285,36.68666739999753,0.4615258341199162,0.3601594543949655,0.3550039335624502,0.4561755805064214,0.3991439181869188,1.4845779798089336,0.0465730979257737,19996,19988,0.6935887177435487,0.7825195117070242,3190,0.1595319063812762,2,0.0001000600360216,480705558,full_grid
3,7,strong_attack,random_flip,p4p_matched,16,4,3,1,0,0.25,0.1666666666666666,0.5,33.58669569999984,0.0822838999993109,0.1484219000012672,1.2799999240087344e-05,0.0169523000004119,2.912707999999838,36.74955820000105,0.4916157097714121,0.3756099003526893,0.373391609241477,0.4873274535324825,0.4407375590871842,1.4493118232088216,0.0743232901734867,19996,19988,0.6893378675735147,0.8834800880528317,3543,0.1771854370874175,0,0.0,480705558,full_grid
4,8,strong_attack,random_flip,p4p_matched,17,3,2,1,0,0.125,0.1666666666666666,0.3333333333333333,32.43223170000056,0.0838962000016181,0.1512800000018614,1.2799999240087344e-05,0.0189642000004823,3.1239750999993703,35.81336620000002,0.4447326301965773,0.3568862262061997,0.3410498611904923,0.437652310975772,0.3743281560720571,1.5301199853293308,0.0760726402384738,19996,19988,0.6895379075815163,0.2817690614368621,422,0.0211042208441688,1,5.003001801080648e-05,480705558,full_grid
1,5,strong_attack,random_flip,p4p_matched,17,3,1,2,0,0.125,0.1666666666666666,0.3333333333333333,32.607671000001574,0.0833832999996957,1.533945600000152,1.0700001439545304e-05,0.019137999999657,2.9464184999997087,37.1930091999966,0.3627364878729429,0.3575442281302851,0.3134966308343365,0.4043471787208029,0.3368086268222083,1.7328706487346228,0.1248899600484664,19996,19988,0.6795859171834366,0.4779867920752451,1680,0.0840168033606721,2,0.0001000600360216,1377035733,full_grid
2,6,strong_attack,random_flip,p4p_matched,13,7,5,2,0,0.5,0.25,0.5714285714285714,32.865944400000444,0.0871181999973487,0.1463994000005186,1.3100001524435356e-05,0.0189003000014054,2.886256300000241,36.00697029999719,0.4688718348586203,0.3580232238346372,0.3504924428728995,0.4579219510799215,0.4139109537495222,1.4678093782096784,0.0752230766585511,19996,19988,0.6959391878375675,0.8233940364218532,3561,0.1780856171234247,20,0.0010006003602161,1377035733,full_grid
3,7,strong_attack,random_flip,p4p_matched,17,3,2,1,0,0.25,0.0833333333333333,0.6666666666666666,33.06412000000273,0.0802881000017805,0.1510033999984443,1.4000001101521777e-05,0.0189114000022527,2.974375699999655,36.29131820000112,0.449558829564575,0.3424541939721334,0.3492405654923994,0.458483585254967,0.3675492613715699,1.4604684696201178,0.0984698271101059,19996,19988,0.6912382476495299,0.7504502701620973,3671,0.1835867173434686,2,0.0001000600360216,1377035733,full_grid
4,8,strong_attack,random_flip,p4p_matched,16,4,2,2,0,0.125,0.25,0.25,32.62421180000092,0.092114600000059,0.1485116000003472,1.21000011858996e-05,0.0145780000020749,3.060148600001412,35.94222380000065,0.3150572495588296,0.3554626750488405,0.288168569328558,0.370030167294945,0.2961089163377342,1.723544470219331,0.1737349236314264,19996,19988,0.6830866173234647,0.1996698018811286,689,0.0344568913782756,0,0.0,1377035733,full_grid
1,5,strong_attack,random_flip,p4p_matched,17,3,2,1,0,0.125,0.1666666666666666,0.3333333333333333,32.68150779999996,0.0837195999993127,1.538427399998909,1.1900003300979732e-05,0.016383100002713,2.950492799998756,37.27294880000045,0.4388312061394508,0.3816049533318818,0.3593284087790527,0.4667741820711843,0.3827881590385797,1.6173146273708916,0.1033196461652932,19996,19988,0.6842368473694739,0.614018411046628,2280,0.1140228045609121,2,0.0001000600360216,1707771978,full_grid
2,6,strong_attack,random_flip,p4p_matched,16,4,3,1,0,0.25,0.1666666666666666,0.5,32.68034899999839,0.0880128999997396,0.1504922000021906,2.630000017234124e-05,0.0198230999994848,3.045235099998536,35.98617949999971,0.4650798210694792,0.3550540684557864,0.354343734156157,0.4632539380908688,0.4015145625270593,1.452782430636103,0.0809045436433816,19996,19988,0.6888877775555111,0.8028817290374225,3286,0.1643328665733146,7,0.0003502101260756,1707771978,full_grid
3,7,strong_attack,random_flip,p4p_matched,17,3,2,1,0,0.25,0.0833333333333333,0.6666666666666666,33.539427499999874,0.0939419000023917,0.1473440999980084,1.2700002116616815e-05,0.0149555999996664,3.0026003000020864,36.80086460000166,0.4694545902244839,0.3577032279980124,0.3573663722038368,0.468914707427821,0.3769568413255555,1.4341917545928458,0.0868262491911734,19996,19988,0.6912382476495299,0.5999599759855914,2360,0.1180236047209441,3,0.0001500900540324,1707771978,full_grid
4,8,strong_attack,random_flip,p4p_matched,16,4,2,2,0,0.125,0.25,0.25,33.19545149999976,0.0914680999994743,0.1937460999979521,1.340000017080456e-05,0.0187613999987661,3.0886677999988024,36.590824099999736,0.3231337464603767,0.3660738172463977,0.2938144203437967,0.3783982961501183,0.3194236849647123,1.7781643425980744,0.1925775412287291,19996,19988,0.6861372274454891,0.2572543526115669,481,0.0240548109621924,0,0.0,1707771978,full_grid
