attack_type,model_seed,attack_seed,poison_index_hash_sha256,total_poisoned_rows,malicious_poisoned_rows,partition_logical_sha256,independent_constructor_repeat_exact,existing_exact_loader_validation_passed,historical_attack_manifest_binary_recovered,test_arrays_materialized,local_model_training_run,p4p_attack_outcome_run,batr_attack_outcome_run,evidence_file,output_dir
all_to_one_benign,1379954285,1379954285,9690f8d1e7b9aa56cbb99dc519bcad9274d23a84f49bd6bb052737a285b2855e,152573,152573,5f14674b0c775f06c3400c5e1e3b9649b78c82d4257c2293411f5c6fe53bed48,True,True,False,False,False,False,False,reviewer_revision/TASK65_ATTACK_MANIFEST_RECOVERY_SEED_1379954285_ALL_TO_ONE_BENIGN_v4324.json,results/reviewer_task65_attack_manifest_recovery_v4324/all_to_one_benign/seed_1379954285/plain_fedavg
all_to_one_benign,1886033230,1886033230,9690f8d1e7b9aa56cbb99dc519bcad9274d23a84f49bd6bb052737a285b2855e,152573,152573,5f14674b0c775f06c3400c5e1e3b9649b78c82d4257c2293411f5c6fe53bed48,True,True,False,False,False,False,False,reviewer_revision/TASK65_ATTACK_MANIFEST_RECOVERY_SEED_1886033230_ALL_TO_ONE_BENIGN_v4324.json,results/reviewer_task65_attack_manifest_recovery_v4324/all_to_one_benign/seed_1886033230/plain_fedavg
all_to_one_benign,480705558,480705558,9690f8d1e7b9aa56cbb99dc519bcad9274d23a84f49bd6bb052737a285b2855e,152573,152573,5f14674b0c775f06c3400c5e1e3b9649b78c82d4257c2293411f5c6fe53bed48,True,True,False,False,False,False,False,reviewer_revision/TASK65_ATTACK_MANIFEST_RECOVERY_SEED_480705558_ALL_TO_ONE_BENIGN_v4324.json,results/reviewer_task65_attack_manifest_recovery_v4324/all_to_one_benign/seed_480705558/plain_fedavg
all_to_one_benign,1377035733,1377035733,9690f8d1e7b9aa56cbb99dc519bcad9274d23a84f49bd6bb052737a285b2855e,152573,152573,5f14674b0c775f06c3400c5e1e3b9649b78c82d4257c2293411f5c6fe53bed48,True,True,False,False,False,False,False,reviewer_revision/TASK65_ATTACK_MANIFEST_RECOVERY_SEED_1377035733_ALL_TO_ONE_BENIGN_v4324.json,results/reviewer_task65_attack_manifest_recovery_v4324/all_to_one_benign/seed_1377035733/plain_fedavg
all_to_one_benign,1707771978,1707771978,9690f8d1e7b9aa56cbb99dc519bcad9274d23a84f49bd6bb052737a285b2855e,152573,152573,5f14674b0c775f06c3400c5e1e3b9649b78c82d4257c2293411f5c6fe53bed48,True,True,False,False,False,False,False,reviewer_revision/TASK65_ATTACK_MANIFEST_RECOVERY_SEED_1707771978_ALL_TO_ONE_BENIGN_v4324.json,results/reviewer_task65_attack_manifest_recovery_v4324/all_to_one_benign/seed_1707771978/plain_fedavg
cyclic_shift,1379954285,1379954285,4b2b92112fd8a30423a5676a09cd51887c6cc5343bcf3b804a0098f6a5ed8e05,162930,162930,5f14674b0c775f06c3400c5e1e3b9649b78c82d4257c2293411f5c6fe53bed48,True,True,False,False,False,False,False,reviewer_revision/TASK65_ATTACK_MANIFEST_RECOVERY_SEED_1379954285_CYCLIC_SHIFT_v4324.json,results/reviewer_task65_attack_manifest_recovery_v4324/cyclic_shift/seed_1379954285/plain_fedavg
cyclic_shift,1886033230,1886033230,4b2b92112fd8a30423a5676a09cd51887c6cc5343bcf3b804a0098f6a5ed8e05,162930,162930,5f14674b0c775f06c3400c5e1e3b9649b78c82d4257c2293411f5c6fe53bed48,True,True,False,False,False,False,False,reviewer_revision/TASK65_ATTACK_MANIFEST_RECOVERY_SEED_1886033230_CYCLIC_SHIFT_v4324.json,results/reviewer_task65_attack_manifest_recovery_v4324/cyclic_shift/seed_1886033230/plain_fedavg
cyclic_shift,480705558,480705558,4b2b92112fd8a30423a5676a09cd51887c6cc5343bcf3b804a0098f6a5ed8e05,162930,162930,5f14674b0c775f06c3400c5e1e3b9649b78c82d4257c2293411f5c6fe53bed48,True,True,False,False,False,False,False,reviewer_revision/TASK65_ATTACK_MANIFEST_RECOVERY_SEED_480705558_CYCLIC_SHIFT_v4324.json,results/reviewer_task65_attack_manifest_recovery_v4324/cyclic_shift/seed_480705558/plain_fedavg
cyclic_shift,1377035733,1377035733,4b2b92112fd8a30423a5676a09cd51887c6cc5343bcf3b804a0098f6a5ed8e05,162930,162930,5f14674b0c775f06c3400c5e1e3b9649b78c82d4257c2293411f5c6fe53bed48,True,True,False,False,False,False,False,reviewer_revision/TASK65_ATTACK_MANIFEST_RECOVERY_SEED_1377035733_CYCLIC_SHIFT_v4324.json,results/reviewer_task65_attack_manifest_recovery_v4324/cyclic_shift/seed_1377035733/plain_fedavg
cyclic_shift,1707771978,1707771978,4b2b92112fd8a30423a5676a09cd51887c6cc5343bcf3b804a0098f6a5ed8e05,162930,162930,5f14674b0c775f06c3400c5e1e3b9649b78c82d4257c2293411f5c6fe53bed48,True,True,False,False,False,False,False,reviewer_revision/TASK65_ATTACK_MANIFEST_RECOVERY_SEED_1707771978_CYCLIC_SHIFT_v4324.json,results/reviewer_task65_attack_manifest_recovery_v4324/cyclic_shift/seed_1707771978/plain_fedavg
multiclass_partial_cycle,1379954285,1379954285,ecfd858b0cfc8f733d704cc3b60fa5aa5b8f64303acd90ffb313ff79f4d05e04,71566,71566,5f14674b0c775f06c3400c5e1e3b9649b78c82d4257c2293411f5c6fe53bed48,True,True,False,False,False,False,False,reviewer_revision/TASK65_ATTACK_MANIFEST_RECOVERY_SEED_1379954285_MULTICLASS_PARTIAL_CYCLE_v4324.json,results/reviewer_task65_attack_manifest_recovery_v4324/multiclass_partial_cycle/seed_1379954285/plain_fedavg
multiclass_partial_cycle,1886033230,1886033230,ecfd858b0cfc8f733d704cc3b60fa5aa5b8f64303acd90ffb313ff79f4d05e04,71566,71566,5f14674b0c775f06c3400c5e1e3b9649b78c82d4257c2293411f5c6fe53bed48,True,True,False,False,False,False,False,reviewer_revision/TASK65_ATTACK_MANIFEST_RECOVERY_SEED_1886033230_MULTICLASS_PARTIAL_CYCLE_v4324.json,results/reviewer_task65_attack_manifest_recovery_v4324/multiclass_partial_cycle/seed_1886033230/plain_fedavg
multiclass_partial_cycle,480705558,480705558,ecfd858b0cfc8f733d704cc3b60fa5aa5b8f64303acd90ffb313ff79f4d05e04,71566,71566,5f14674b0c775f06c3400c5e1e3b9649b78c82d4257c2293411f5c6fe53bed48,True,True,False,False,False,False,False,reviewer_revision/TASK65_ATTACK_MANIFEST_RECOVERY_SEED_480705558_MULTICLASS_PARTIAL_CYCLE_v4324.json,results/reviewer_task65_attack_manifest_recovery_v4324/multiclass_partial_cycle/seed_480705558/plain_fedavg
multiclass_partial_cycle,1377035733,1377035733,ecfd858b0cfc8f733d704cc3b60fa5aa5b8f64303acd90ffb313ff79f4d05e04,71566,71566,5f14674b0c775f06c3400c5e1e3b9649b78c82d4257c2293411f5c6fe53bed48,True,True,False,False,False,False,False,reviewer_revision/TASK65_ATTACK_MANIFEST_RECOVERY_SEED_1377035733_MULTICLASS_PARTIAL_CYCLE_v4324.json,results/reviewer_task65_attack_manifest_recovery_v4324/multiclass_partial_cycle/seed_1377035733/plain_fedavg
multiclass_partial_cycle,1707771978,1707771978,ecfd858b0cfc8f733d704cc3b60fa5aa5b8f64303acd90ffb313ff79f4d05e04,71566,71566,5f14674b0c775f06c3400c5e1e3b9649b78c82d4257c2293411f5c6fe53bed48,True,True,False,False,False,False,False,reviewer_revision/TASK65_ATTACK_MANIFEST_RECOVERY_SEED_1707771978_MULTICLASS_PARTIAL_CYCLE_v4324.json,results/reviewer_task65_attack_manifest_recovery_v4324/multiclass_partial_cycle/seed_1707771978/plain_fedavg
pairwise_swap,1379954285,1379954285,9b1d07e0364c438d24d39a4f2b14c2c293c4219603c2a9c69df0ea4d96046aa6,162930,162930,5f14674b0c775f06c3400c5e1e3b9649b78c82d4257c2293411f5c6fe53bed48,True,True,False,False,False,False,False,reviewer_revision/TASK65_ATTACK_MANIFEST_RECOVERY_SEED_1379954285_PAIRWISE_SWAP_v4324.json,results/reviewer_task65_attack_manifest_recovery_v4324/pairwise_swap/seed_1379954285/plain_fedavg
pairwise_swap,1886033230,1886033230,9b1d07e0364c438d24d39a4f2b14c2c293c4219603c2a9c69df0ea4d96046aa6,162930,162930,5f14674b0c775f06c3400c5e1e3b9649b78c82d4257c2293411f5c6fe53bed48,True,True,False,False,False,False,False,reviewer_revision/TASK65_ATTACK_MANIFEST_RECOVERY_SEED_1886033230_PAIRWISE_SWAP_v4324.json,results/reviewer_task65_attack_manifest_recovery_v4324/pairwise_swap/seed_1886033230/plain_fedavg
pairwise_swap,480705558,480705558,9b1d07e0364c438d24d39a4f2b14c2c293c4219603c2a9c69df0ea4d96046aa6,162930,162930,5f14674b0c775f06c3400c5e1e3b9649b78c82d4257c2293411f5c6fe53bed48,True,True,False,False,False,False,False,reviewer_revision/TASK65_ATTACK_MANIFEST_RECOVERY_SEED_480705558_PAIRWISE_SWAP_v4324.json,results/reviewer_task65_attack_manifest_recovery_v4324/pairwise_swap/seed_480705558/plain_fedavg
pairwise_swap,1377035733,1377035733,9b1d07e0364c438d24d39a4f2b14c2c293c4219603c2a9c69df0ea4d96046aa6,162930,162930,5f14674b0c775f06c3400c5e1e3b9649b78c82d4257c2293411f5c6fe53bed48,True,True,False,False,False,False,False,reviewer_revision/TASK65_ATTACK_MANIFEST_RECOVERY_SEED_1377035733_PAIRWISE_SWAP_v4324.json,results/reviewer_task65_attack_manifest_recovery_v4324/pairwise_swap/seed_1377035733/plain_fedavg
pairwise_swap,1707771978,1707771978,9b1d07e0364c438d24d39a4f2b14c2c293c4219603c2a9c69df0ea4d96046aa6,162930,162930,5f14674b0c775f06c3400c5e1e3b9649b78c82d4257c2293411f5c6fe53bed48,True,True,False,False,False,False,False,reviewer_revision/TASK65_ATTACK_MANIFEST_RECOVERY_SEED_1707771978_PAIRWISE_SWAP_v4324.json,results/reviewer_task65_attack_manifest_recovery_v4324/pairwise_swap/seed_1707771978/plain_fedavg
random_flip,1379954285,1379954285,9ad926a6d2cc7edc2eb440eebb2bbfe02308a790b3d2ec94900d7989282c0586,162930,162930,5f14674b0c775f06c3400c5e1e3b9649b78c82d4257c2293411f5c6fe53bed48,True,True,False,False,False,False,False,reviewer_revision/TASK65_ATTACK_MANIFEST_RECOVERY_SEED_1379954285_RANDOM_FLIP_v4324.json,results/reviewer_task65_attack_manifest_recovery_v4324/random_flip/seed_1379954285/plain_fedavg
random_flip,1886033230,1886033230,633da37e5ac48ccf97116fd7eec732687ddf620e97b81c743b14ccc3c6c9cbb1,162930,162930,5f14674b0c775f06c3400c5e1e3b9649b78c82d4257c2293411f5c6fe53bed48,True,True,False,False,False,False,False,reviewer_revision/TASK65_ATTACK_MANIFEST_RECOVERY_SEED_1886033230_RANDOM_FLIP_v4324.json,results/reviewer_task65_attack_manifest_recovery_v4324/random_flip/seed_1886033230/plain_fedavg
random_flip,480705558,480705558,bf9cb470ec0fa7d22cac8020b743a7422fd8f6e9faf886af8974d0dfebe28787,162930,162930,5f14674b0c775f06c3400c5e1e3b9649b78c82d4257c2293411f5c6fe53bed48,True,True,False,False,False,False,False,reviewer_revision/TASK65_ATTACK_MANIFEST_RECOVERY_SEED_480705558_RANDOM_FLIP_v4324.json,results/reviewer_task65_attack_manifest_recovery_v4324/random_flip/seed_480705558/plain_fedavg
random_flip,1377035733,1377035733,e79fdfd7bc596e2da73e595fb35197472d374cca02a0f89aadc48db39236a34a,162930,162930,5f14674b0c775f06c3400c5e1e3b9649b78c82d4257c2293411f5c6fe53bed48,True,True,False,False,False,False,False,reviewer_revision/TASK65_ATTACK_MANIFEST_RECOVERY_SEED_1377035733_RANDOM_FLIP_v4324.json,results/reviewer_task65_attack_manifest_recovery_v4324/random_flip/seed_1377035733/plain_fedavg
random_flip,1707771978,1707771978,16bd369e0bfe1ee110175208a0d76f67d4becc61fb28337eb3d60be4db7a79b3,162930,162930,5f14674b0c775f06c3400c5e1e3b9649b78c82d4257c2293411f5c6fe53bed48,True,True,False,False,False,False,False,reviewer_revision/TASK65_ATTACK_MANIFEST_RECOVERY_SEED_1707771978_RANDOM_FLIP_v4324.json,results/reviewer_task65_attack_manifest_recovery_v4324/random_flip/seed_1707771978/plain_fedavg
