monitoring_round,global_round,client_id,actual_malicious,client_samples,poisoned_rows,local_train_loss,local_train_accuracy,local_samples_seen,local_train_seconds
1,5,0,False,51858,0,0.5258409236090665,0.8460218288402946,51858,3.3368093967437744
1,5,1,True,54356,13589,1.3404683448487766,0.4616233718448745,54356,3.613959312438965
1,5,2,False,5411,0,1.1243087257305238,0.6041397153945667,5411,0.34679746627807617
1,5,3,False,9927,0,1.3705927147970491,0.6053188274403143,9927,0.7477819919586182
1,5,4,False,18308,0,0.9761574748485975,0.7337229626392834,18308,1.173325538635254
1,5,5,False,12303,0,1.0815152561219836,0.5675851418353247,12303,0.7661447525024414
1,5,6,False,14905,0,1.0737388372461254,0.6576987588057699,14905,1.007904291152954
1,5,7,True,20029,5008,1.5361049219544098,0.4816016775675271,20029,1.4227230548858643
1,5,8,True,14521,3631,1.4931713888512343,0.48557261896563597,14521,0.9651298522949219
1,5,9,False,68254,0,0.9864251446192287,0.6371641222492455,68254,4.569033145904541
1,5,10,True,15345,3837,1.5524076382474505,0.3946562398175301,15345,1.0285801887512207
1,5,11,False,47166,0,1.0807754015066249,0.5837891701649494,47166,3.208606004714966
1,5,12,False,22111,0,0.9440656658844118,0.7167473203382931,22111,1.5485477447509766
1,5,13,False,29659,0,1.1719070608880588,0.6994504197714015,29659,1.876014232635498
1,5,14,True,12716,3179,1.5955852828486305,0.4992922302610884,12716,0.7809791564941406
1,5,15,True,6561,1641,1.2489633061340388,0.6483767718335619,6561,0.4252748489379883
1,5,16,False,19036,0,0.8339194939852412,0.7833578482874554,19036,1.3398165702819824
1,5,17,True,22629,5658,1.6443840616964895,0.41141897565071367,22629,1.4665727615356445
1,5,18,True,16773,4194,1.511440118324463,0.5025338341381983,16773,1.177811861038208
1,5,19,False,21866,0,0.6738716160009146,0.7750388731363761,21866,1.4181709289550781
2,6,0,False,51858,0,0.5012851570762309,0.852906012572795,51858,3.565197706222534
2,6,1,True,54356,13589,1.3408478994630575,0.4659835160791817,54356,3.811234951019287
2,6,2,False,5411,0,1.1159839687187028,0.5995194973202735,5411,0.35653138160705566
2,6,3,False,9927,0,1.3015768593431443,0.6125717739498338,9927,0.6656732559204102
2,6,4,False,18308,0,0.9518184918150882,0.7367817347607604,18308,1.2903006076812744
2,6,5,False,12303,0,1.0746310697835917,0.5614890677070633,12303,0.8183600902557373
2,6,6,False,14905,0,0.996172609444394,0.6822542770882254,14905,0.9871129989624023
2,6,7,True,20029,5008,1.5263034663166335,0.4866443656697788,20029,1.3982272148132324
2,6,8,True,14521,3631,1.5468956066650692,0.4978995936918945,14521,0.9230422973632812
2,6,9,False,68254,0,0.9397494847797491,0.6518299293814281,68254,4.6477720737457275
2,6,10,True,15345,3837,1.590130630530764,0.3921146953405018,15345,1.0292510986328125
2,6,11,False,47166,0,1.058906777979829,0.590107280668278,47166,3.213653326034546
2,6,12,False,22111,0,0.8782076984677633,0.7444710777441093,22111,1.5236773490905762
2,6,13,False,29659,0,1.1850856608544476,0.6965170774469807,29659,1.862489938735962
2,6,14,True,12716,3179,1.5788316857556046,0.4946524064171123,12716,0.8445107936859131
2,6,15,True,6561,1641,1.2431714721722422,0.6445663770766652,6561,0.43712830543518066
2,6,16,False,19036,0,0.8280218307724969,0.7845135532674932,19036,1.3794341087341309
2,6,17,True,22629,5658,1.59873522177172,0.43859649122807015,22629,1.4965598583221436
2,6,18,True,16773,4194,1.498768038864263,0.5064091098789721,16773,1.0695669651031494
2,6,19,False,21866,0,0.6709976314484315,0.7738955455959023,21866,1.4639356136322021
3,7,0,False,51858,0,0.4895180810111143,0.8524239268772417,51858,3.3560824394226074
3,7,1,True,54356,13589,1.34010527814511,0.46896386783427774,54356,3.5494425296783447
3,7,2,False,5411,0,1.0759337722781492,0.622620587691739,5411,0.37159013748168945
3,7,3,False,9927,0,1.3232650171897438,0.6110607434270172,9927,0.6408970355987549
3,7,4,False,18308,0,0.9311469311872528,0.7491260651081495,18308,1.1462039947509766
3,7,5,False,12303,0,1.037529973293682,0.5803462570104853,12303,0.7774667739868164
3,7,6,False,14905,0,1.0183997567809295,0.6751425696075143,14905,0.965531587600708
3,7,7,True,20029,5008,1.5397452058398817,0.4819012431973638,20029,1.4083752632141113
3,7,8,True,14521,3631,1.5455596008196357,0.5193168514565113,14521,0.9374971389770508
3,7,9,False,68254,0,0.9613516663909081,0.642028306033346,68254,4.340397357940674
3,7,10,True,15345,3837,1.602634099470594,0.4069077875529488,15345,0.9439067840576172
3,7,11,False,47166,0,1.0423222638185468,0.5961497689013272,47166,3.059018611907959
3,7,12,False,22111,0,0.9124771346392891,0.7224006150784678,22111,1.5150525569915771
3,7,13,False,29659,0,1.15139683302433,0.6985400721534779,29659,1.86287260055542
3,7,14,True,12716,3179,1.6143226182172044,0.49779804970116387,12716,0.7907345294952393
3,7,15,True,6561,1641,1.2889457877825863,0.6485291876238378,6561,0.4313540458679199
3,7,16,False,19036,0,0.8064434277232291,0.7964383273797017,19036,1.3238329887390137
3,7,17,True,22629,5658,1.6359798555436518,0.41884307746696714,22629,1.4857900142669678
3,7,18,True,16773,4194,1.5238254308160413,0.5095093304715912,16773,1.1227715015411377
3,7,19,False,21866,0,0.6449594456792085,0.7816701728711242,21866,1.369642972946167
4,8,0,False,51858,0,0.462910646693035,0.8590767094758764,51858,3.518373489379883
4,8,1,True,54356,13589,1.3422143585643842,0.4693318124954007,54356,3.5511531829833984
4,8,2,False,5411,0,1.107408611551051,0.6096839770837184,5411,0.37331700325012207
4,8,3,False,9927,0,1.2391361693931489,0.6182129545683489,9927,0.7860972881317139
4,8,4,False,18308,0,0.922884026598873,0.7492353069696308,18308,1.197920322418213
4,8,5,False,12303,0,1.0569813284294145,0.5641713403234984,12303,0.7594366073608398
4,8,6,False,14905,0,0.9723935787128306,0.6878228782287823,14905,0.9264736175537109
4,8,7,True,20029,5008,1.540962402923792,0.48265015727195565,20029,1.3675849437713623
4,8,8,True,14521,3631,1.615275614904098,0.5231733351697542,14521,0.9156358242034912
4,8,9,False,68254,0,0.9120322855151073,0.6587745773141501,68254,4.405873775482178
4,8,10,True,15345,3837,1.6422028652811407,0.4128380579993483,15345,0.9853034019470215
4,8,11,False,47166,0,1.0354315577024258,0.5977398973837086,47166,3.0192840099334717
4,8,12,False,22111,0,0.8411585191449825,0.7516620686536113,22111,1.540144443511963
4,8,13,False,29659,0,1.179687881269564,0.696584510603864,29659,1.8268885612487793
4,8,14,True,12716,3179,1.6049926237476513,0.49567474048442905,12716,0.8536455631256104
4,8,15,True,6561,1641,1.2953280785555812,0.6407559823197684,6561,0.4485659599304199
4,8,16,False,19036,0,0.8337988596699973,0.7824648035301534,19036,1.353705644607544
4,8,17,True,22629,5658,1.593013767752752,0.439170975297185,22629,1.4741876125335693
4,8,18,True,16773,4194,1.5225225237211444,0.509390091218029,16773,1.196045160293579
4,8,19,False,21866,0,0.6529133182032966,0.7793835177901766,21866,1.3826348781585693
