monitoring_round,global_round,client_id,actual_malicious,flagged,update_replaced,selected_reconstruction_policy,actual_update_norm,residual_scale,norm_clip_factor,norm_clip_upper,reconstructed_update_norm
1,5,0,False,False,False,center_plus_residual,1.5497930590325244,,,,
1,5,1,True,True,True,center_plus_residual,2.107475767891211,1.0,1.0,,1.6398841582828039
1,5,2,False,False,False,center_plus_residual,0.5513448873829992,,,,
1,5,3,False,False,False,center_plus_residual,0.89740176136845,,,,
1,5,4,False,False,False,center_plus_residual,1.0349964282063102,,,,
1,5,5,False,False,False,center_plus_residual,0.9175271297783655,,,,
1,5,6,False,False,False,center_plus_residual,1.1955785713273666,,,,
1,5,7,True,True,True,center_plus_residual,1.344434138782154,1.0,1.0,,0.7761072814397372
1,5,8,True,True,True,center_plus_residual,1.3017948660295677,1.0,1.0,,0.9829546432410148
1,5,9,False,False,False,center_plus_residual,1.6913230576828804,,,,
1,5,10,True,True,True,center_plus_residual,1.2821295927196583,1.0,1.0,,0.9226755129714542
1,5,11,False,False,False,center_plus_residual,1.5021867365633652,,,,
1,5,12,False,False,False,center_plus_residual,1.1168291983640366,,,,
1,5,13,False,False,False,center_plus_residual,1.3717137564622444,,,,
1,5,14,True,True,True,center_plus_residual,1.1204574077051637,1.0,1.0,,0.8195344185548287
1,5,15,True,False,False,center_plus_residual,0.857269724386336,,,,
1,5,16,False,False,False,center_plus_residual,1.233252654019408,,,,
1,5,17,True,True,True,center_plus_residual,1.5394650465683923,1.0,1.0,,1.2828482130159233
1,5,18,True,True,True,center_plus_residual,1.2325365470841017,1.0,1.0,,0.6851384297252918
1,5,19,False,False,False,center_plus_residual,1.1242289210630827,,,,
2,6,0,False,False,False,center_plus_residual,1.4490558120437396,,,,
2,6,1,True,True,True,center_plus_residual,2.1128389292928356,1.0,1.0,,1.6374161428492187
2,6,2,False,False,False,center_plus_residual,0.5290785169754594,,,,
2,6,3,False,False,False,center_plus_residual,0.8636053865918727,,,,
2,6,4,False,False,False,center_plus_residual,0.9760082771097158,,,,
2,6,5,False,False,False,center_plus_residual,0.8994098745916239,,,,
2,6,6,False,False,False,center_plus_residual,1.1429256755416515,,,,
2,6,7,True,True,True,center_plus_residual,1.3440683229586385,1.0,1.0,,0.8413898468719598
2,6,8,True,True,True,center_plus_residual,1.3153796281058676,1.0,1.0,,1.098140056002314
2,6,9,False,False,False,center_plus_residual,1.6632444977173058,,,,
2,6,10,True,True,True,center_plus_residual,1.3118455947342718,1.0,1.0,,0.9948525671466578
2,6,11,False,False,False,center_plus_residual,1.430194133876272,,,,
2,6,12,False,False,False,center_plus_residual,1.1454729368211705,,,,
2,6,13,False,False,False,center_plus_residual,1.3772397874193931,,,,
2,6,14,True,True,True,center_plus_residual,1.124568376622095,1.0,1.0,,0.8079821144501425
2,6,15,True,False,False,center_plus_residual,0.8511170358899234,,,,
2,6,16,False,False,False,center_plus_residual,1.212022577836866,,,,
2,6,17,True,True,True,center_plus_residual,1.4832120118128675,1.0,1.0,,1.2762212372517008
2,6,18,True,True,True,center_plus_residual,1.2498353821833432,1.0,1.0,,0.7624325690182377
2,6,19,False,False,False,center_plus_residual,1.1424383956552862,,,,
3,7,0,False,False,False,center_plus_residual,1.4884810683355565,,,,
3,7,1,True,True,True,center_plus_residual,2.1441063043263746,1.0,1.0,,1.6248392247548293
3,7,2,False,False,False,center_plus_residual,0.5869033462458205,,,,
3,7,3,False,False,False,center_plus_residual,0.8855241084594886,,,,
3,7,4,False,False,False,center_plus_residual,1.0218509790354289,,,,
3,7,5,False,False,False,center_plus_residual,0.899476102016506,,,,
3,7,6,False,False,False,center_plus_residual,1.1678849802050562,,,,
3,7,7,True,True,True,center_plus_residual,1.3606077631104219,1.0,1.0,,0.7847851241694235
3,7,8,True,True,True,center_plus_residual,1.3184024229555298,1.0,1.0,,0.9997463291569887
3,7,9,False,False,False,center_plus_residual,1.564551118666771,,,,
3,7,10,True,True,True,center_plus_residual,1.3105598664853844,1.0,1.0,,0.9661505005956184
3,7,11,False,False,False,center_plus_residual,1.4401448891312603,,,,
3,7,12,False,False,False,center_plus_residual,1.038605146293225,,,,
3,7,13,False,False,False,center_plus_residual,1.3857505204856904,,,,
3,7,14,True,True,True,center_plus_residual,1.162793153727119,1.0,1.0,,0.8374624344771842
3,7,15,True,False,False,center_plus_residual,0.8648300614531023,,,,
3,7,16,False,False,False,center_plus_residual,1.2100086060899324,,,,
3,7,17,True,True,True,center_plus_residual,1.5316962496348758,1.0,1.0,,1.2592499298438118
3,7,18,True,True,True,center_plus_residual,1.2362041919519957,1.0,1.0,,0.7114515549700055
3,7,19,False,False,False,center_plus_residual,1.1357697901995087,,,,
4,8,0,False,False,False,center_plus_residual,1.375688365131461,,,,
4,8,1,True,True,True,center_plus_residual,2.1154054069594066,1.0,1.0,,1.6339895559548334
4,8,2,False,False,False,center_plus_residual,0.5448399103905586,,,,
4,8,3,False,False,False,center_plus_residual,0.8543298675050329,,,,
4,8,4,False,False,False,center_plus_residual,0.9366501244028917,,,,
4,8,5,False,False,False,center_plus_residual,0.8743464552673164,,,,
4,8,6,False,False,False,center_plus_residual,1.1294193297334285,,,,
4,8,7,True,True,True,center_plus_residual,1.346728323952124,1.0,1.0,,0.8145690912326871
4,8,8,True,True,True,center_plus_residual,1.3119506878951295,1.0,1.0,,1.0927095412066783
4,8,9,False,False,False,center_plus_residual,1.5469635549998833,,,,
4,8,10,True,True,True,center_plus_residual,1.3042191575727513,1.0,1.0,,0.9830288835973481
4,8,11,False,False,False,center_plus_residual,1.352962246863295,,,,
4,8,12,False,False,False,center_plus_residual,1.0762327643286504,,,,
4,8,13,False,False,False,center_plus_residual,1.3614191178482353,,,,
4,8,14,True,True,True,center_plus_residual,1.10223737923296,1.0,1.0,,0.7901672150940339
4,8,15,True,False,False,center_plus_residual,0.8503578847148867,,,,
4,8,16,False,False,False,center_plus_residual,1.2215678975212072,,,,
4,8,17,True,True,True,center_plus_residual,1.4579811226164554,1.0,1.0,,1.2527659076536581
4,8,18,True,True,True,center_plus_residual,1.2353485549219974,1.0,1.0,,0.7481396957849219
4,8,19,False,False,False,center_plus_residual,1.1452672496688856,,,,
