case_id,seed,family_id,repeat_numeric_consistency_rate,repeat_citation_consistency_rate_report_only,all_three_schema_valid,all_three_citations_valid,all_three_numeric_grounded
seed_123__A_development_anchor__size_10,123,A_development_anchor,1.0,1.0,True,True,True
seed_123__B_hash_ranked__size_10,123,B_hash_ranked,0.485650623885918,1.0,True,True,True
seed_123__C_hash_ranked__size_10,123,C_hash_ranked,1.0,1.0,True,True,True
seed_2026__A_development_anchor__size_10,2026,A_development_anchor,0.7777777777777777,1.0,True,True,True
seed_2026__B_hash_ranked__size_10,2026,B_hash_ranked,0.9444444444444443,1.0,True,True,True
seed_2026__C_hash_ranked__size_10,2026,C_hash_ranked,1.0,1.0,True,True,True
seed_7__A_development_anchor__size_10,7,A_development_anchor,1.0,1.0,True,True,True
seed_7__B_hash_ranked__size_10,7,B_hash_ranked,1.0,1.0,True,True,True
seed_7__C_hash_ranked__size_10,7,C_hash_ranked,0.7575757575757575,1.0,True,True,True
seed_99__A_development_anchor__size_10,99,A_development_anchor,1.0,1.0,True,True,True
seed_99__B_hash_ranked__size_10,99,B_hash_ranked,1.0,1.0,True,True,True
seed_99__C_hash_ranked__size_10,99,C_hash_ranked,1.0,1.0,True,True,True
