family_id,coalition_size,seed,state,physical_state_key,checkpoint_sha256,background_manifest_sha256,probe_manifest_sha256
A_development_anchor,10,99,clean_reference,seed_99__clean_reference,2e6736f8b96602614e3589fff8622e79878912deee2de64fe7c0e23121f3834f,83c8e725df051b22d155512f47afedf6338196b8b8d54529dd9df2637c9ae7be,81a7a8c57cbcfd1d6c01cf304f3cc2fed811aa1dc78a262e5486ec485cccc815
A_development_anchor,10,99,suspicious,seed_99__A_development_anchor__suspicious,027d42ba794f748efb0da634d27713a88b84f9420debf57f423a41fbac44d704,83c8e725df051b22d155512f47afedf6338196b8b8d54529dd9df2637c9ae7be,81a7a8c57cbcfd1d6c01cf304f3cc2fed811aa1dc78a262e5486ec485cccc815
A_development_anchor,10,99,reconstructed,seed_99__A_development_anchor__reconstructed,f6684c18b9b7ca243192e367f661adef550a8ba128ff1de0270491b5e19facdd,83c8e725df051b22d155512f47afedf6338196b8b8d54529dd9df2637c9ae7be,81a7a8c57cbcfd1d6c01cf304f3cc2fed811aa1dc78a262e5486ec485cccc815
B_hash_ranked,10,99,clean_reference,seed_99__clean_reference,2e6736f8b96602614e3589fff8622e79878912deee2de64fe7c0e23121f3834f,83c8e725df051b22d155512f47afedf6338196b8b8d54529dd9df2637c9ae7be,81a7a8c57cbcfd1d6c01cf304f3cc2fed811aa1dc78a262e5486ec485cccc815
B_hash_ranked,10,99,suspicious,seed_99__B_hash_ranked__suspicious,c52c01f3a37633859496c981721e7ecf298a4cb835888b25ea50886abd16d111,83c8e725df051b22d155512f47afedf6338196b8b8d54529dd9df2637c9ae7be,81a7a8c57cbcfd1d6c01cf304f3cc2fed811aa1dc78a262e5486ec485cccc815
B_hash_ranked,10,99,reconstructed,seed_99__B_hash_ranked__reconstructed,78471fd172cafb9cb0f420b94d23112d08db650d8f21c863b17b8ee0c7418e7d,83c8e725df051b22d155512f47afedf6338196b8b8d54529dd9df2637c9ae7be,81a7a8c57cbcfd1d6c01cf304f3cc2fed811aa1dc78a262e5486ec485cccc815
C_hash_ranked,10,99,clean_reference,seed_99__clean_reference,2e6736f8b96602614e3589fff8622e79878912deee2de64fe7c0e23121f3834f,83c8e725df051b22d155512f47afedf6338196b8b8d54529dd9df2637c9ae7be,81a7a8c57cbcfd1d6c01cf304f3cc2fed811aa1dc78a262e5486ec485cccc815
C_hash_ranked,10,99,suspicious,seed_99__C_hash_ranked__suspicious,b9cb6323424429a6088f95d700e661173fcad057f695ea9fb8ab6fc3500e8a03,83c8e725df051b22d155512f47afedf6338196b8b8d54529dd9df2637c9ae7be,81a7a8c57cbcfd1d6c01cf304f3cc2fed811aa1dc78a262e5486ec485cccc815
C_hash_ranked,10,99,reconstructed,seed_99__C_hash_ranked__reconstructed,21d471455ed16ec00202158b22e6670ba06b22e9a6bb61f66bc937868a61ecf3,83c8e725df051b22d155512f47afedf6338196b8b8d54529dd9df2637c9ae7be,81a7a8c57cbcfd1d6c01cf304f3cc2fed811aa1dc78a262e5486ec485cccc815
A_development_anchor,10,123,clean_reference,seed_123__clean_reference,5a34234aad95ba4befaaf72d9a3b4dfe027af8b6635c1874da4571d0120f3263,83c8e725df051b22d155512f47afedf6338196b8b8d54529dd9df2637c9ae7be,81a7a8c57cbcfd1d6c01cf304f3cc2fed811aa1dc78a262e5486ec485cccc815
A_development_anchor,10,123,suspicious,seed_123__A_development_anchor__suspicious,a9982d300b99c094bd8588b02bfa06f28b6806282abdb7997b82e1ee8978d406,83c8e725df051b22d155512f47afedf6338196b8b8d54529dd9df2637c9ae7be,81a7a8c57cbcfd1d6c01cf304f3cc2fed811aa1dc78a262e5486ec485cccc815
A_development_anchor,10,123,reconstructed,seed_123__A_development_anchor__reconstructed,184b9c8561a086483e977cfa84f326451dd9779cff622ce8eeafb982f435a4ec,83c8e725df051b22d155512f47afedf6338196b8b8d54529dd9df2637c9ae7be,81a7a8c57cbcfd1d6c01cf304f3cc2fed811aa1dc78a262e5486ec485cccc815
B_hash_ranked,10,123,clean_reference,seed_123__clean_reference,5a34234aad95ba4befaaf72d9a3b4dfe027af8b6635c1874da4571d0120f3263,83c8e725df051b22d155512f47afedf6338196b8b8d54529dd9df2637c9ae7be,81a7a8c57cbcfd1d6c01cf304f3cc2fed811aa1dc78a262e5486ec485cccc815
B_hash_ranked,10,123,suspicious,seed_123__B_hash_ranked__suspicious,d6ea984d5041942f5d8db4a85cbecc66d8d002dadd8a9e9b469017a8df6cb0ed,83c8e725df051b22d155512f47afedf6338196b8b8d54529dd9df2637c9ae7be,81a7a8c57cbcfd1d6c01cf304f3cc2fed811aa1dc78a262e5486ec485cccc815
B_hash_ranked,10,123,reconstructed,seed_123__B_hash_ranked__reconstructed,8590fb6750255fdfc7459752d4612ff0b6a00b7649edb04e1fa0a22550393cf1,83c8e725df051b22d155512f47afedf6338196b8b8d54529dd9df2637c9ae7be,81a7a8c57cbcfd1d6c01cf304f3cc2fed811aa1dc78a262e5486ec485cccc815
C_hash_ranked,10,123,clean_reference,seed_123__clean_reference,5a34234aad95ba4befaaf72d9a3b4dfe027af8b6635c1874da4571d0120f3263,83c8e725df051b22d155512f47afedf6338196b8b8d54529dd9df2637c9ae7be,81a7a8c57cbcfd1d6c01cf304f3cc2fed811aa1dc78a262e5486ec485cccc815
C_hash_ranked,10,123,suspicious,seed_123__C_hash_ranked__suspicious,3a4c80a39cb0d5d0509aee31d3772760b63b81cd9343e5243b311b26d2645006,83c8e725df051b22d155512f47afedf6338196b8b8d54529dd9df2637c9ae7be,81a7a8c57cbcfd1d6c01cf304f3cc2fed811aa1dc78a262e5486ec485cccc815
C_hash_ranked,10,123,reconstructed,seed_123__C_hash_ranked__reconstructed,6d72601d7c34b3364b36a3f06977ab559d1969d4ef2ab4ba3eee350fbf0d7b30,83c8e725df051b22d155512f47afedf6338196b8b8d54529dd9df2637c9ae7be,81a7a8c57cbcfd1d6c01cf304f3cc2fed811aa1dc78a262e5486ec485cccc815
A_development_anchor,10,2026,clean_reference,seed_2026__clean_reference,911b6b22ec5e48dd988581eb349c9de3f8cf289b8efc7210b8ed746fb58e0e11,83c8e725df051b22d155512f47afedf6338196b8b8d54529dd9df2637c9ae7be,81a7a8c57cbcfd1d6c01cf304f3cc2fed811aa1dc78a262e5486ec485cccc815
A_development_anchor,10,2026,suspicious,seed_2026__A_development_anchor__suspicious,b9d26b15a8342fee9250dc1a669e40f4206b5d71af19cffd30ae8a90c2cd7071,83c8e725df051b22d155512f47afedf6338196b8b8d54529dd9df2637c9ae7be,81a7a8c57cbcfd1d6c01cf304f3cc2fed811aa1dc78a262e5486ec485cccc815
A_development_anchor,10,2026,reconstructed,seed_2026__A_development_anchor__reconstructed,972fc71e05b3ea72c289487079e682e53c736903b60f15469537fde8ea965041,83c8e725df051b22d155512f47afedf6338196b8b8d54529dd9df2637c9ae7be,81a7a8c57cbcfd1d6c01cf304f3cc2fed811aa1dc78a262e5486ec485cccc815
B_hash_ranked,10,2026,clean_reference,seed_2026__clean_reference,911b6b22ec5e48dd988581eb349c9de3f8cf289b8efc7210b8ed746fb58e0e11,83c8e725df051b22d155512f47afedf6338196b8b8d54529dd9df2637c9ae7be,81a7a8c57cbcfd1d6c01cf304f3cc2fed811aa1dc78a262e5486ec485cccc815
B_hash_ranked,10,2026,suspicious,seed_2026__B_hash_ranked__suspicious,2d81290b6851723866d0cc35552bb8a15c86f7e4ba3b1136a38abe10dfda6573,83c8e725df051b22d155512f47afedf6338196b8b8d54529dd9df2637c9ae7be,81a7a8c57cbcfd1d6c01cf304f3cc2fed811aa1dc78a262e5486ec485cccc815
B_hash_ranked,10,2026,reconstructed,seed_2026__B_hash_ranked__reconstructed,490dd6abcb3e9445fa46676441d706f7022659a840075687368783f126eb489b,83c8e725df051b22d155512f47afedf6338196b8b8d54529dd9df2637c9ae7be,81a7a8c57cbcfd1d6c01cf304f3cc2fed811aa1dc78a262e5486ec485cccc815
C_hash_ranked,10,2026,clean_reference,seed_2026__clean_reference,911b6b22ec5e48dd988581eb349c9de3f8cf289b8efc7210b8ed746fb58e0e11,83c8e725df051b22d155512f47afedf6338196b8b8d54529dd9df2637c9ae7be,81a7a8c57cbcfd1d6c01cf304f3cc2fed811aa1dc78a262e5486ec485cccc815
C_hash_ranked,10,2026,suspicious,seed_2026__C_hash_ranked__suspicious,6d76a043da0344f912e118efcbd4303043c8360915c4060c223510a8e736343b,83c8e725df051b22d155512f47afedf6338196b8b8d54529dd9df2637c9ae7be,81a7a8c57cbcfd1d6c01cf304f3cc2fed811aa1dc78a262e5486ec485cccc815
C_hash_ranked,10,2026,reconstructed,seed_2026__C_hash_ranked__reconstructed,21363c5216aedcce192e80ebe15092e81502ae7b675473c582742f29100baf41,83c8e725df051b22d155512f47afedf6338196b8b8d54529dd9df2637c9ae7be,81a7a8c57cbcfd1d6c01cf304f3cc2fed811aa1dc78a262e5486ec485cccc815
