experiment_version,state_key,family_id,coalition_size,seed,state,checkpoint_path,checkpoint_sha256,partition_hash,poison_index_hash,global_round,probe_rows,ddos_probe_rows,feature_count,source_class,target_class,mean_source_logit_true_ddos,mean_target_logit_true_ddos,mean_margin_logit_true_ddos,ddos_to_benign_prediction_rate,ddos_correct_prediction_rate,mean_absolute_margin_shap_true_ddos,maximum_source_additivity_residual,maximum_target_additivity_residual,derived_margin_identity_max_abs,attribution_shape,background_manifest_sha256,probe_manifest_sha256,shap_version,torch_version,elapsed_seconds,reserved_test_arrays_materialized
4.17.C3,seed_99__clean_reference,shared,10,99,clean_reference,C:\Users\Amm\LFighter-research\results\cic_iot_diad_true_warmup_anchor_v3101_multiseed\seed_99\warmup\checkpoints\common_round4_warmup_model.pt,2e6736f8b96602614e3589fff8622e79878912deee2de64fe7c0e23121f3834f,5f14674b0c775f06c3400c5e1e3b9649b78c82d4257c2293411f5c6fe53bed48,,4,128,16,69,DDoS,Benign,2.7587695121765137,-1.160447597503662,3.919217109680176,0.0625,0.75,0.09749526530504227,1.0706486701965332,0.7672826051712036,0.0,"[128, 69, 2]",83c8e725df051b22d155512f47afedf6338196b8b8d54529dd9df2637c9ae7be,81a7a8c57cbcfd1d6c01cf304f3cc2fed811aa1dc78a262e5486ec485cccc815,0.48.0,2.13.0+cpu,5.99,False
4.17.C3,seed_99__A_development_anchor__suspicious,A_development_anchor,10,99,suspicious,C:\Users\Amm\LFighter-research\results\cic_iot_diad_task45_c3_multiseed_v416\A_development_anchor\size_10\seed_99\plain_attack\checkpoints\continuation_last_round_model.pt,027d42ba794f748efb0da634d27713a88b84f9420debf57f423a41fbac44d704,5f14674b0c775f06c3400c5e1e3b9649b78c82d4257c2293411f5c6fe53bed48,fa626e472688d23d7bfeecc6a7e8b63d4bb8477d3fbabafa652357c3210efe45,8,128,16,69,DDoS,Benign,0.5979346036911011,1.4365878105163574,-0.8386532664299011,0.1875,0.5625,0.11886013299226761,0.9284975528717041,0.7038694620132446,0.0,"[128, 69, 2]",83c8e725df051b22d155512f47afedf6338196b8b8d54529dd9df2637c9ae7be,81a7a8c57cbcfd1d6c01cf304f3cc2fed811aa1dc78a262e5486ec485cccc815,0.48.0,2.13.0+cpu,4.64,False
4.17.C3,seed_99__A_development_anchor__reconstructed,A_development_anchor,10,99,reconstructed,C:\Users\Amm\LFighter-research\results\cic_iot_diad_task45_c3_multiseed_v416\A_development_anchor\size_10\seed_99\trusted_reconstruction\checkpoints\reconstruction_last_round_model.pt,f6684c18b9b7ca243192e367f661adef550a8ba128ff1de0270491b5e19facdd,5f14674b0c775f06c3400c5e1e3b9649b78c82d4257c2293411f5c6fe53bed48,fa626e472688d23d7bfeecc6a7e8b63d4bb8477d3fbabafa652357c3210efe45,8,128,16,69,DDoS,Benign,3.0345473289489746,-1.3602489233016968,4.394796371459961,0.0,0.75,0.1324596107006073,2.13116455078125,1.5269567966461182,0.0,"[128, 69, 2]",83c8e725df051b22d155512f47afedf6338196b8b8d54529dd9df2637c9ae7be,81a7a8c57cbcfd1d6c01cf304f3cc2fed811aa1dc78a262e5486ec485cccc815,0.48.0,2.13.0+cpu,5.16,False
4.17.C3,seed_99__B_hash_ranked__suspicious,B_hash_ranked,10,99,suspicious,C:\Users\Amm\LFighter-research\results\cic_iot_diad_task45_c3_multiseed_v416\B_hash_ranked\size_10\seed_99\plain_attack\checkpoints\continuation_last_round_model.pt,c52c01f3a37633859496c981721e7ecf298a4cb835888b25ea50886abd16d111,5f14674b0c775f06c3400c5e1e3b9649b78c82d4257c2293411f5c6fe53bed48,aab37c2383a276e9ba33492a33a131f61dd2d93026bda215503439acddd29955,8,128,16,69,DDoS,Benign,1.5469627380371094,0.3643304109573364,1.1826324462890625,0.0625,0.6875,0.13861723244190216,0.9503586292266846,0.6489822864532471,0.0,"[128, 69, 2]",83c8e725df051b22d155512f47afedf6338196b8b8d54529dd9df2637c9ae7be,81a7a8c57cbcfd1d6c01cf304f3cc2fed811aa1dc78a262e5486ec485cccc815,0.48.0,2.13.0+cpu,4.9,False
4.17.C3,seed_99__B_hash_ranked__reconstructed,B_hash_ranked,10,99,reconstructed,C:\Users\Amm\LFighter-research\results\cic_iot_diad_task45_c3_multiseed_v416\B_hash_ranked\size_10\seed_99\trusted_reconstruction\checkpoints\reconstruction_last_round_model.pt,78471fd172cafb9cb0f420b94d23112d08db650d8f21c863b17b8ee0c7418e7d,5f14674b0c775f06c3400c5e1e3b9649b78c82d4257c2293411f5c6fe53bed48,aab37c2383a276e9ba33492a33a131f61dd2d93026bda215503439acddd29955,8,128,16,69,DDoS,Benign,3.0582213401794434,-1.3955583572387695,4.453779697418213,0.0,0.75,0.12635095417499542,2.2796921730041504,1.3129942417144775,0.0,"[128, 69, 2]",83c8e725df051b22d155512f47afedf6338196b8b8d54529dd9df2637c9ae7be,81a7a8c57cbcfd1d6c01cf304f3cc2fed811aa1dc78a262e5486ec485cccc815,0.48.0,2.13.0+cpu,5.01,False
4.17.C3,seed_99__C_hash_ranked__suspicious,C_hash_ranked,10,99,suspicious,C:\Users\Amm\LFighter-research\results\cic_iot_diad_task45_c3_multiseed_v416\C_hash_ranked\size_10\seed_99\plain_attack\checkpoints\continuation_last_round_model.pt,b9cb6323424429a6088f95d700e661173fcad057f695ea9fb8ab6fc3500e8a03,5f14674b0c775f06c3400c5e1e3b9649b78c82d4257c2293411f5c6fe53bed48,332f9b2c9e43891a4238af8a3aec4421868b7bcafcdf977ba70f28eaa34f667d,8,128,16,69,DDoS,Benign,0.8904622793197632,1.107498049736023,-0.217035710811615,0.125,0.625,0.1355210542678833,0.9271292686462402,0.6921334266662598,0.0,"[128, 69, 2]",83c8e725df051b22d155512f47afedf6338196b8b8d54529dd9df2637c9ae7be,81a7a8c57cbcfd1d6c01cf304f3cc2fed811aa1dc78a262e5486ec485cccc815,0.48.0,2.13.0+cpu,5.1,False
4.17.C3,seed_99__C_hash_ranked__reconstructed,C_hash_ranked,10,99,reconstructed,C:\Users\Amm\LFighter-research\results\cic_iot_diad_task45_c3_multiseed_v416\C_hash_ranked\size_10\seed_99\trusted_reconstruction\checkpoints\reconstruction_last_round_model.pt,21d471455ed16ec00202158b22e6670ba06b22e9a6bb61f66bc937868a61ecf3,5f14674b0c775f06c3400c5e1e3b9649b78c82d4257c2293411f5c6fe53bed48,332f9b2c9e43891a4238af8a3aec4421868b7bcafcdf977ba70f28eaa34f667d,8,128,16,69,DDoS,Benign,3.032242774963379,-1.4250166416168213,4.457259178161621,0.0,0.75,0.12632450461387634,2.6075146198272705,1.5322999954223633,0.0,"[128, 69, 2]",83c8e725df051b22d155512f47afedf6338196b8b8d54529dd9df2637c9ae7be,81a7a8c57cbcfd1d6c01cf304f3cc2fed811aa1dc78a262e5486ec485cccc815,0.48.0,2.13.0+cpu,5.12,False
4.17.C3,seed_123__clean_reference,shared,10,123,clean_reference,C:\Users\Amm\LFighter-research\results\cic_iot_diad_true_warmup_anchor_v3101_multiseed\seed_123\warmup\checkpoints\common_round4_warmup_model.pt,5a34234aad95ba4befaaf72d9a3b4dfe027af8b6635c1874da4571d0120f3263,5f14674b0c775f06c3400c5e1e3b9649b78c82d4257c2293411f5c6fe53bed48,,4,128,16,69,DDoS,Benign,3.031498908996582,-0.7234669327735901,3.7549657821655273,0.0625,0.75,0.10528932511806488,1.2668099403381348,0.8134305477142334,0.0,"[128, 69, 2]",83c8e725df051b22d155512f47afedf6338196b8b8d54529dd9df2637c9ae7be,81a7a8c57cbcfd1d6c01cf304f3cc2fed811aa1dc78a262e5486ec485cccc815,0.48.0,2.13.0+cpu,5.05,False
4.17.C3,seed_123__A_development_anchor__suspicious,A_development_anchor,10,123,suspicious,C:\Users\Amm\LFighter-research\results\cic_iot_diad_task45_c3_multiseed_v416\A_development_anchor\size_10\seed_123\plain_attack\checkpoints\continuation_last_round_model.pt,a9982d300b99c094bd8588b02bfa06f28b6806282abdb7997b82e1ee8978d406,5f14674b0c775f06c3400c5e1e3b9649b78c82d4257c2293411f5c6fe53bed48,fa626e472688d23d7bfeecc6a7e8b63d4bb8477d3fbabafa652357c3210efe45,8,128,16,69,DDoS,Benign,0.7022652626037598,1.698997974395752,-0.9967327117919922,0.375,0.375,0.13088873028755188,1.1987011432647705,0.9156570434570312,0.0,"[128, 69, 2]",83c8e725df051b22d155512f47afedf6338196b8b8d54529dd9df2637c9ae7be,81a7a8c57cbcfd1d6c01cf304f3cc2fed811aa1dc78a262e5486ec485cccc815,0.48.0,2.13.0+cpu,5.04,False
4.17.C3,seed_123__A_development_anchor__reconstructed,A_development_anchor,10,123,reconstructed,C:\Users\Amm\LFighter-research\results\cic_iot_diad_task45_c3_multiseed_v416\A_development_anchor\size_10\seed_123\trusted_reconstruction\checkpoints\reconstruction_last_round_model.pt,184b9c8561a086483e977cfa84f326451dd9779cff622ce8eeafb982f435a4ec,5f14674b0c775f06c3400c5e1e3b9649b78c82d4257c2293411f5c6fe53bed48,fa626e472688d23d7bfeecc6a7e8b63d4bb8477d3fbabafa652357c3210efe45,8,128,16,69,DDoS,Benign,3.2165684700012207,-1.02742338180542,4.243991851806641,0.0,0.75,0.13137589395046234,2.0549142360687256,1.3083233833312988,0.0,"[128, 69, 2]",83c8e725df051b22d155512f47afedf6338196b8b8d54529dd9df2637c9ae7be,81a7a8c57cbcfd1d6c01cf304f3cc2fed811aa1dc78a262e5486ec485cccc815,0.48.0,2.13.0+cpu,4.99,False
4.17.C3,seed_123__B_hash_ranked__suspicious,B_hash_ranked,10,123,suspicious,C:\Users\Amm\LFighter-research\results\cic_iot_diad_task45_c3_multiseed_v416\B_hash_ranked\size_10\seed_123\plain_attack\checkpoints\continuation_last_round_model.pt,d6ea984d5041942f5d8db4a85cbecc66d8d002dadd8a9e9b469017a8df6cb0ed,5f14674b0c775f06c3400c5e1e3b9649b78c82d4257c2293411f5c6fe53bed48,aab37c2383a276e9ba33492a33a131f61dd2d93026bda215503439acddd29955,8,128,16,69,DDoS,Benign,1.8982601165771484,0.5798494219779968,1.3184106349945068,0.0625,0.6875,0.16312141716480255,1.1471593379974365,0.892382025718689,0.0,"[128, 69, 2]",83c8e725df051b22d155512f47afedf6338196b8b8d54529dd9df2637c9ae7be,81a7a8c57cbcfd1d6c01cf304f3cc2fed811aa1dc78a262e5486ec485cccc815,0.48.0,2.13.0+cpu,5.1,False
4.17.C3,seed_123__B_hash_ranked__reconstructed,B_hash_ranked,10,123,reconstructed,C:\Users\Amm\LFighter-research\results\cic_iot_diad_task45_c3_multiseed_v416\B_hash_ranked\size_10\seed_123\trusted_reconstruction\checkpoints\reconstruction_last_round_model.pt,8590fb6750255fdfc7459752d4612ff0b6a00b7649edb04e1fa0a22550393cf1,5f14674b0c775f06c3400c5e1e3b9649b78c82d4257c2293411f5c6fe53bed48,aab37c2383a276e9ba33492a33a131f61dd2d93026bda215503439acddd29955,8,128,16,69,DDoS,Benign,3.285007953643799,-1.043870210647583,4.328877925872803,0.0,0.75,0.13500788807868958,2.096834659576416,1.2656068801879883,0.0,"[128, 69, 2]",83c8e725df051b22d155512f47afedf6338196b8b8d54529dd9df2637c9ae7be,81a7a8c57cbcfd1d6c01cf304f3cc2fed811aa1dc78a262e5486ec485cccc815,0.48.0,2.13.0+cpu,5.09,False
4.17.C3,seed_123__C_hash_ranked__suspicious,C_hash_ranked,10,123,suspicious,C:\Users\Amm\LFighter-research\results\cic_iot_diad_task45_c3_multiseed_v416\C_hash_ranked\size_10\seed_123\plain_attack\checkpoints\continuation_last_round_model.pt,3a4c80a39cb0d5d0509aee31d3772760b63b81cd9343e5243b311b26d2645006,5f14674b0c775f06c3400c5e1e3b9649b78c82d4257c2293411f5c6fe53bed48,332f9b2c9e43891a4238af8a3aec4421868b7bcafcdf977ba70f28eaa34f667d,8,128,16,69,DDoS,Benign,1.1170918941497803,1.3335695266723633,-0.21647769212722778,0.1875,0.5625,0.1566612422466278,1.120004653930664,0.9041340351104736,0.0,"[128, 69, 2]",83c8e725df051b22d155512f47afedf6338196b8b8d54529dd9df2637c9ae7be,81a7a8c57cbcfd1d6c01cf304f3cc2fed811aa1dc78a262e5486ec485cccc815,0.48.0,2.13.0+cpu,4.96,False
4.17.C3,seed_123__C_hash_ranked__reconstructed,C_hash_ranked,10,123,reconstructed,C:\Users\Amm\LFighter-research\results\cic_iot_diad_task45_c3_multiseed_v416\C_hash_ranked\size_10\seed_123\trusted_reconstruction\checkpoints\reconstruction_last_round_model.pt,6d72601d7c34b3364b36a3f06977ab559d1969d4ef2ab4ba3eee350fbf0d7b30,5f14674b0c775f06c3400c5e1e3b9649b78c82d4257c2293411f5c6fe53bed48,332f9b2c9e43891a4238af8a3aec4421868b7bcafcdf977ba70f28eaa34f667d,8,128,16,69,DDoS,Benign,3.254422187805176,-1.042685627937317,4.297107696533203,0.0,0.75,0.13436932861804962,2.155485153198242,1.1855998039245605,0.0,"[128, 69, 2]",83c8e725df051b22d155512f47afedf6338196b8b8d54529dd9df2637c9ae7be,81a7a8c57cbcfd1d6c01cf304f3cc2fed811aa1dc78a262e5486ec485cccc815,0.48.0,2.13.0+cpu,5.28,False
4.17.C3,seed_2026__clean_reference,shared,10,2026,clean_reference,C:\Users\Amm\LFighter-research\results\cic_iot_diad_true_warmup_anchor_v3101_multiseed\seed_2026\warmup\checkpoints\common_round4_warmup_model.pt,911b6b22ec5e48dd988581eb349c9de3f8cf289b8efc7210b8ed746fb58e0e11,5f14674b0c775f06c3400c5e1e3b9649b78c82d4257c2293411f5c6fe53bed48,,4,128,16,69,DDoS,Benign,2.7348313331604004,-0.34094876050949097,3.075779914855957,0.0,0.75,0.08439727872610092,2.3418121337890625,0.9099570512771606,0.0,"[128, 69, 2]",83c8e725df051b22d155512f47afedf6338196b8b8d54529dd9df2637c9ae7be,81a7a8c57cbcfd1d6c01cf304f3cc2fed811aa1dc78a262e5486ec485cccc815,0.48.0,2.13.0+cpu,5.17,False
4.17.C3,seed_2026__A_development_anchor__suspicious,A_development_anchor,10,2026,suspicious,C:\Users\Amm\LFighter-research\results\cic_iot_diad_task45_c3_multiseed_v416\A_development_anchor\size_10\seed_2026\plain_attack\checkpoints\continuation_last_round_model.pt,b9d26b15a8342fee9250dc1a669e40f4206b5d71af19cffd30ae8a90c2cd7071,5f14674b0c775f06c3400c5e1e3b9649b78c82d4257c2293411f5c6fe53bed48,fa626e472688d23d7bfeecc6a7e8b63d4bb8477d3fbabafa652357c3210efe45,8,128,16,69,DDoS,Benign,0.7964901924133301,1.9251418113708496,-1.1286516189575195,0.5,0.25,0.11571067571640015,1.1396863460540771,1.1160354614257812,0.0,"[128, 69, 2]",83c8e725df051b22d155512f47afedf6338196b8b8d54529dd9df2637c9ae7be,81a7a8c57cbcfd1d6c01cf304f3cc2fed811aa1dc78a262e5486ec485cccc815,0.48.0,2.13.0+cpu,5.04,False
4.17.C3,seed_2026__A_development_anchor__reconstructed,A_development_anchor,10,2026,reconstructed,C:\Users\Amm\LFighter-research\results\cic_iot_diad_task45_c3_multiseed_v416\A_development_anchor\size_10\seed_2026\trusted_reconstruction\checkpoints\reconstruction_last_round_model.pt,972fc71e05b3ea72c289487079e682e53c736903b60f15469537fde8ea965041,5f14674b0c775f06c3400c5e1e3b9649b78c82d4257c2293411f5c6fe53bed48,fa626e472688d23d7bfeecc6a7e8b63d4bb8477d3fbabafa652357c3210efe45,8,128,16,69,DDoS,Benign,3.035094738006592,-0.741600751876831,3.776695728302002,0.0,0.75,0.12177066504955292,1.811781406402588,1.5576075315475464,0.0,"[128, 69, 2]",83c8e725df051b22d155512f47afedf6338196b8b8d54529dd9df2637c9ae7be,81a7a8c57cbcfd1d6c01cf304f3cc2fed811aa1dc78a262e5486ec485cccc815,0.48.0,2.13.0+cpu,5.03,False
4.17.C3,seed_2026__B_hash_ranked__suspicious,B_hash_ranked,10,2026,suspicious,C:\Users\Amm\LFighter-research\results\cic_iot_diad_task45_c3_multiseed_v416\B_hash_ranked\size_10\seed_2026\plain_attack\checkpoints\continuation_last_round_model.pt,2d81290b6851723866d0cc35552bb8a15c86f7e4ba3b1136a38abe10dfda6573,5f14674b0c775f06c3400c5e1e3b9649b78c82d4257c2293411f5c6fe53bed48,aab37c2383a276e9ba33492a33a131f61dd2d93026bda215503439acddd29955,8,128,16,69,DDoS,Benign,1.8101742267608643,0.8139581680297852,0.9962159991264343,0.0625,0.6875,0.14293375611305237,1.1915950775146484,1.064115047454834,0.0,"[128, 69, 2]",83c8e725df051b22d155512f47afedf6338196b8b8d54529dd9df2637c9ae7be,81a7a8c57cbcfd1d6c01cf304f3cc2fed811aa1dc78a262e5486ec485cccc815,0.48.0,2.13.0+cpu,5.04,False
4.17.C3,seed_2026__B_hash_ranked__reconstructed,B_hash_ranked,10,2026,reconstructed,C:\Users\Amm\LFighter-research\results\cic_iot_diad_task45_c3_multiseed_v416\B_hash_ranked\size_10\seed_2026\trusted_reconstruction\checkpoints\reconstruction_last_round_model.pt,490dd6abcb3e9445fa46676441d706f7022659a840075687368783f126eb489b,5f14674b0c775f06c3400c5e1e3b9649b78c82d4257c2293411f5c6fe53bed48,aab37c2383a276e9ba33492a33a131f61dd2d93026bda215503439acddd29955,8,128,16,69,DDoS,Benign,3.0682315826416016,-0.6579158902168274,3.7261476516723633,0.0,0.75,0.12230552732944489,2.0236573219299316,1.5719053745269775,0.0,"[128, 69, 2]",83c8e725df051b22d155512f47afedf6338196b8b8d54529dd9df2637c9ae7be,81a7a8c57cbcfd1d6c01cf304f3cc2fed811aa1dc78a262e5486ec485cccc815,0.48.0,2.13.0+cpu,5.14,False
4.17.C3,seed_2026__C_hash_ranked__suspicious,C_hash_ranked,10,2026,suspicious,C:\Users\Amm\LFighter-research\results\cic_iot_diad_task45_c3_multiseed_v416\C_hash_ranked\size_10\seed_2026\plain_attack\checkpoints\continuation_last_round_model.pt,6d76a043da0344f912e118efcbd4303043c8360915c4060c223510a8e736343b,5f14674b0c775f06c3400c5e1e3b9649b78c82d4257c2293411f5c6fe53bed48,332f9b2c9e43891a4238af8a3aec4421868b7bcafcdf977ba70f28eaa34f667d,8,128,16,69,DDoS,Benign,1.0868566036224365,1.5755912065505981,-0.4887346923351288,0.1875,0.5625,0.13403837382793427,0.9873826503753662,1.1487934589385986,0.0,"[128, 69, 2]",83c8e725df051b22d155512f47afedf6338196b8b8d54529dd9df2637c9ae7be,81a7a8c57cbcfd1d6c01cf304f3cc2fed811aa1dc78a262e5486ec485cccc815,0.48.0,2.13.0+cpu,5.21,False
4.17.C3,seed_2026__C_hash_ranked__reconstructed,C_hash_ranked,10,2026,reconstructed,C:\Users\Amm\LFighter-research\results\cic_iot_diad_task45_c3_multiseed_v416\C_hash_ranked\size_10\seed_2026\trusted_reconstruction\checkpoints\reconstruction_last_round_model.pt,21363c5216aedcce192e80ebe15092e81502ae7b675473c582742f29100baf41,5f14674b0c775f06c3400c5e1e3b9649b78c82d4257c2293411f5c6fe53bed48,332f9b2c9e43891a4238af8a3aec4421868b7bcafcdf977ba70f28eaa34f667d,8,128,16,69,DDoS,Benign,3.0337424278259277,-0.7042595148086548,3.738001823425293,0.0,0.75,0.12120954692363739,1.944446325302124,1.4691463708877563,0.0,"[128, 69, 2]",83c8e725df051b22d155512f47afedf6338196b8b8d54529dd9df2637c9ae7be,81a7a8c57cbcfd1d6c01cf304f3cc2fed811aa1dc78a262e5486ec485cccc815,0.48.0,2.13.0+cpu,5.06,False
