call_index,case_id,repetition,completed,report_path
1,seed_7__A_development_anchor__size_10,1,True,results/cic_iot_diad_task61_c2_llm_reports_v4232/reports/seed_7__A_development_anchor__size_10/repeat_1.json
2,seed_7__A_development_anchor__size_10,2,True,results/cic_iot_diad_task61_c2_llm_reports_v4232/reports/seed_7__A_development_anchor__size_10/repeat_2.json
3,seed_7__A_development_anchor__size_10,3,True,results/cic_iot_diad_task61_c2_llm_reports_v4232/reports/seed_7__A_development_anchor__size_10/repeat_3.json
4,seed_7__B_hash_ranked__size_10,1,True,results/cic_iot_diad_task61_c2_llm_reports_v4232/reports/seed_7__B_hash_ranked__size_10/repeat_1.json
5,seed_7__B_hash_ranked__size_10,2,True,results/cic_iot_diad_task61_c2_llm_reports_v4232/reports/seed_7__B_hash_ranked__size_10/repeat_2.json
6,seed_7__B_hash_ranked__size_10,3,True,results/cic_iot_diad_task61_c2_llm_reports_v4232/reports/seed_7__B_hash_ranked__size_10/repeat_3.json
7,seed_7__C_hash_ranked__size_10,1,True,results/cic_iot_diad_task61_c2_llm_reports_v4232/reports/seed_7__C_hash_ranked__size_10/repeat_1.json
8,seed_7__C_hash_ranked__size_10,2,True,results/cic_iot_diad_task61_c2_llm_reports_v4232/reports/seed_7__C_hash_ranked__size_10/repeat_2.json
9,seed_7__C_hash_ranked__size_10,3,True,results/cic_iot_diad_task61_c2_llm_reports_v4232/reports/seed_7__C_hash_ranked__size_10/repeat_3.json
10,seed_99__A_development_anchor__size_10,1,True,results/cic_iot_diad_task61_c2_llm_reports_v4232/reports/seed_99__A_development_anchor__size_10/repeat_1.json
11,seed_99__A_development_anchor__size_10,2,True,results/cic_iot_diad_task61_c2_llm_reports_v4232/reports/seed_99__A_development_anchor__size_10/repeat_2.json
12,seed_99__A_development_anchor__size_10,3,True,results/cic_iot_diad_task61_c2_llm_reports_v4232/reports/seed_99__A_development_anchor__size_10/repeat_3.json
13,seed_99__B_hash_ranked__size_10,1,True,results/cic_iot_diad_task61_c2_llm_reports_v4232/reports/seed_99__B_hash_ranked__size_10/repeat_1.json
14,seed_99__B_hash_ranked__size_10,2,True,results/cic_iot_diad_task61_c2_llm_reports_v4232/reports/seed_99__B_hash_ranked__size_10/repeat_2.json
15,seed_99__B_hash_ranked__size_10,3,True,results/cic_iot_diad_task61_c2_llm_reports_v4232/reports/seed_99__B_hash_ranked__size_10/repeat_3.json
16,seed_99__C_hash_ranked__size_10,1,True,results/cic_iot_diad_task61_c2_llm_reports_v4232/reports/seed_99__C_hash_ranked__size_10/repeat_1.json
17,seed_99__C_hash_ranked__size_10,2,True,results/cic_iot_diad_task61_c2_llm_reports_v4232/reports/seed_99__C_hash_ranked__size_10/repeat_2.json
18,seed_99__C_hash_ranked__size_10,3,True,results/cic_iot_diad_task61_c2_llm_reports_v4232/reports/seed_99__C_hash_ranked__size_10/repeat_3.json
19,seed_123__A_development_anchor__size_10,1,True,results/cic_iot_diad_task61_c2_llm_reports_v4232/reports/seed_123__A_development_anchor__size_10/repeat_1.json
20,seed_123__A_development_anchor__size_10,2,True,results/cic_iot_diad_task61_c2_llm_reports_v4232/reports/seed_123__A_development_anchor__size_10/repeat_2.json
21,seed_123__A_development_anchor__size_10,3,True,results/cic_iot_diad_task61_c2_llm_reports_v4232/reports/seed_123__A_development_anchor__size_10/repeat_3.json
22,seed_123__B_hash_ranked__size_10,1,True,results/cic_iot_diad_task61_c2_llm_reports_v4232/reports/seed_123__B_hash_ranked__size_10/repeat_1.json
23,seed_123__B_hash_ranked__size_10,2,True,results/cic_iot_diad_task61_c2_llm_reports_v4232/reports/seed_123__B_hash_ranked__size_10/repeat_2.json
24,seed_123__B_hash_ranked__size_10,3,True,results/cic_iot_diad_task61_c2_llm_reports_v4232/reports/seed_123__B_hash_ranked__size_10/repeat_3.json
25,seed_123__C_hash_ranked__size_10,1,True,results/cic_iot_diad_task61_c2_llm_reports_v4232/reports/seed_123__C_hash_ranked__size_10/repeat_1.json
26,seed_123__C_hash_ranked__size_10,2,True,results/cic_iot_diad_task61_c2_llm_reports_v4232/reports/seed_123__C_hash_ranked__size_10/repeat_2.json
27,seed_123__C_hash_ranked__size_10,3,True,results/cic_iot_diad_task61_c2_llm_reports_v4232/reports/seed_123__C_hash_ranked__size_10/repeat_3.json
28,seed_2026__A_development_anchor__size_10,1,True,results/cic_iot_diad_task61_c2_llm_reports_v4232/reports/seed_2026__A_development_anchor__size_10/repeat_1.json
29,seed_2026__A_development_anchor__size_10,2,True,results/cic_iot_diad_task61_c2_llm_reports_v4232/reports/seed_2026__A_development_anchor__size_10/repeat_2.json
30,seed_2026__A_development_anchor__size_10,3,True,results/cic_iot_diad_task61_c2_llm_reports_v4232/reports/seed_2026__A_development_anchor__size_10/repeat_3.json
31,seed_2026__B_hash_ranked__size_10,1,True,results/cic_iot_diad_task61_c2_llm_reports_v4232/reports/seed_2026__B_hash_ranked__size_10/repeat_1.json
32,seed_2026__B_hash_ranked__size_10,2,True,results/cic_iot_diad_task61_c2_llm_reports_v4232/reports/seed_2026__B_hash_ranked__size_10/repeat_2.json
33,seed_2026__B_hash_ranked__size_10,3,True,results/cic_iot_diad_task61_c2_llm_reports_v4232/reports/seed_2026__B_hash_ranked__size_10/repeat_3.json
34,seed_2026__C_hash_ranked__size_10,1,True,results/cic_iot_diad_task61_c2_llm_reports_v4232/reports/seed_2026__C_hash_ranked__size_10/repeat_1.json
35,seed_2026__C_hash_ranked__size_10,2,True,results/cic_iot_diad_task61_c2_llm_reports_v4232/reports/seed_2026__C_hash_ranked__size_10/repeat_2.json
36,seed_2026__C_hash_ranked__size_10,3,True,results/cic_iot_diad_task61_c2_llm_reports_v4232/reports/seed_2026__C_hash_ranked__size_10/repeat_3.json
