case_id,seed,family_id,fact_count,interpretation_count,uncertainty_count,refusal_count,locked_content_sha256,contract_path,deterministic_report_path,narrative_request_path
seed_123__A_development_anchor__size_10,123,A_development_anchor,4,2,4,4,4a74d8e116ddf92f33e2097e3c2d36f6108d19418c4850a270a71071d84c78c9,results/cic_iot_diad_task62_c1_hybrid_matrix_v425/content_contracts/seed_123__A_development_anchor__size_10.json,results/cic_iot_diad_task62_c1_hybrid_matrix_v425/deterministic_reports/seed_123__A_development_anchor__size_10.json,results/cic_iot_diad_task62_c1_hybrid_matrix_v425/narrative_requests/seed_123__A_development_anchor__size_10.json
seed_123__B_hash_ranked__size_10,123,B_hash_ranked,4,2,4,4,3e171b59ad8446895276beece44ab265c01be840cee65b9746813928b5367f31,results/cic_iot_diad_task62_c1_hybrid_matrix_v425/content_contracts/seed_123__B_hash_ranked__size_10.json,results/cic_iot_diad_task62_c1_hybrid_matrix_v425/deterministic_reports/seed_123__B_hash_ranked__size_10.json,results/cic_iot_diad_task62_c1_hybrid_matrix_v425/narrative_requests/seed_123__B_hash_ranked__size_10.json
seed_123__C_hash_ranked__size_10,123,C_hash_ranked,4,2,4,4,be9269c4814d6d83a1353beabb1f013e266b679661335b60e2e25bc29f1f08c3,results/cic_iot_diad_task62_c1_hybrid_matrix_v425/content_contracts/seed_123__C_hash_ranked__size_10.json,results/cic_iot_diad_task62_c1_hybrid_matrix_v425/deterministic_reports/seed_123__C_hash_ranked__size_10.json,results/cic_iot_diad_task62_c1_hybrid_matrix_v425/narrative_requests/seed_123__C_hash_ranked__size_10.json
seed_2026__A_development_anchor__size_10,2026,A_development_anchor,4,2,4,4,8414aabfa2be25dd353658e2edd3bd9cad9d7fb0ef29f0e5a9f50c22f087684e,results/cic_iot_diad_task62_c1_hybrid_matrix_v425/content_contracts/seed_2026__A_development_anchor__size_10.json,results/cic_iot_diad_task62_c1_hybrid_matrix_v425/deterministic_reports/seed_2026__A_development_anchor__size_10.json,results/cic_iot_diad_task62_c1_hybrid_matrix_v425/narrative_requests/seed_2026__A_development_anchor__size_10.json
seed_2026__B_hash_ranked__size_10,2026,B_hash_ranked,4,2,4,4,453df3ee3116261ea18e481d272324f95a1cf8d52496bb08c181cf8608dce7dc,results/cic_iot_diad_task62_c1_hybrid_matrix_v425/content_contracts/seed_2026__B_hash_ranked__size_10.json,results/cic_iot_diad_task62_c1_hybrid_matrix_v425/deterministic_reports/seed_2026__B_hash_ranked__size_10.json,results/cic_iot_diad_task62_c1_hybrid_matrix_v425/narrative_requests/seed_2026__B_hash_ranked__size_10.json
seed_2026__C_hash_ranked__size_10,2026,C_hash_ranked,4,2,4,4,5c7a997fdf79a0a00f3db85a6834bdc8a64f5a3170fa41d18030cc5a65c8348d,results/cic_iot_diad_task62_c1_hybrid_matrix_v425/content_contracts/seed_2026__C_hash_ranked__size_10.json,results/cic_iot_diad_task62_c1_hybrid_matrix_v425/deterministic_reports/seed_2026__C_hash_ranked__size_10.json,results/cic_iot_diad_task62_c1_hybrid_matrix_v425/narrative_requests/seed_2026__C_hash_ranked__size_10.json
seed_7__A_development_anchor__size_10,7,A_development_anchor,4,2,4,4,943f92511773cdf3f1633ded6780b251b51d3b2e871f8a0989ab0153b02f733a,results/cic_iot_diad_task62_c1_hybrid_matrix_v425/content_contracts/seed_7__A_development_anchor__size_10.json,results/cic_iot_diad_task62_c1_hybrid_matrix_v425/deterministic_reports/seed_7__A_development_anchor__size_10.json,results/cic_iot_diad_task62_c1_hybrid_matrix_v425/narrative_requests/seed_7__A_development_anchor__size_10.json
seed_7__B_hash_ranked__size_10,7,B_hash_ranked,4,2,4,4,94817c3d5f01b40e74c8ea12393423ca91fedaa3ac4782258118d9e624438346,results/cic_iot_diad_task62_c1_hybrid_matrix_v425/content_contracts/seed_7__B_hash_ranked__size_10.json,results/cic_iot_diad_task62_c1_hybrid_matrix_v425/deterministic_reports/seed_7__B_hash_ranked__size_10.json,results/cic_iot_diad_task62_c1_hybrid_matrix_v425/narrative_requests/seed_7__B_hash_ranked__size_10.json
seed_7__C_hash_ranked__size_10,7,C_hash_ranked,4,2,4,4,d18c604b023632d32a7ec8774f954ff714489fb786d0f10f3cb10fa3eadbc4eb,results/cic_iot_diad_task62_c1_hybrid_matrix_v425/content_contracts/seed_7__C_hash_ranked__size_10.json,results/cic_iot_diad_task62_c1_hybrid_matrix_v425/deterministic_reports/seed_7__C_hash_ranked__size_10.json,results/cic_iot_diad_task62_c1_hybrid_matrix_v425/narrative_requests/seed_7__C_hash_ranked__size_10.json
seed_99__A_development_anchor__size_10,99,A_development_anchor,4,2,4,4,2e0b14f46703e08a550f208cd5cf433fba37e419a90329a644852adbe0f51e50,results/cic_iot_diad_task62_c1_hybrid_matrix_v425/content_contracts/seed_99__A_development_anchor__size_10.json,results/cic_iot_diad_task62_c1_hybrid_matrix_v425/deterministic_reports/seed_99__A_development_anchor__size_10.json,results/cic_iot_diad_task62_c1_hybrid_matrix_v425/narrative_requests/seed_99__A_development_anchor__size_10.json
seed_99__B_hash_ranked__size_10,99,B_hash_ranked,4,2,4,4,1b63ab0ff7e8db7de9499f569d6743e1915f801d0057ac5ff0fc665a2a087dd4,results/cic_iot_diad_task62_c1_hybrid_matrix_v425/content_contracts/seed_99__B_hash_ranked__size_10.json,results/cic_iot_diad_task62_c1_hybrid_matrix_v425/deterministic_reports/seed_99__B_hash_ranked__size_10.json,results/cic_iot_diad_task62_c1_hybrid_matrix_v425/narrative_requests/seed_99__B_hash_ranked__size_10.json
seed_99__C_hash_ranked__size_10,99,C_hash_ranked,4,2,4,4,0eda8573290eda006cb137b80ec622a7ae6187824a0db7a228dc23a1b41f7497,results/cic_iot_diad_task62_c1_hybrid_matrix_v425/content_contracts/seed_99__C_hash_ranked__size_10.json,results/cic_iot_diad_task62_c1_hybrid_matrix_v425/deterministic_reports/seed_99__C_hash_ranked__size_10.json,results/cic_iot_diad_task62_c1_hybrid_matrix_v425/narrative_requests/seed_99__C_hash_ranked__size_10.json
