seed,category,relative_path,array_key,shape,dtype,fortran_order,header_only
7,warmup,results\cic_iot_diad_true_warmup_anchor_v3101_multiseed\seed_7\warmup\calibration\trusted_client_profiles.npz,client_000,8x8,float64,False,True
7,warmup,results\cic_iot_diad_true_warmup_anchor_v3101_multiseed\seed_7\warmup\calibration\trusted_client_profiles.npz,client_001,8x8,float64,False,True
7,warmup,results\cic_iot_diad_true_warmup_anchor_v3101_multiseed\seed_7\warmup\calibration\trusted_client_profiles.npz,client_002,8x8,float64,False,True
7,warmup,results\cic_iot_diad_true_warmup_anchor_v3101_multiseed\seed_7\warmup\calibration\trusted_client_profiles.npz,client_003,8x8,float64,False,True
7,warmup,results\cic_iot_diad_true_warmup_anchor_v3101_multiseed\seed_7\warmup\calibration\trusted_client_profiles.npz,client_004,8x8,float64,False,True
7,warmup,results\cic_iot_diad_true_warmup_anchor_v3101_multiseed\seed_7\warmup\calibration\trusted_client_profiles.npz,client_005,8x8,float64,False,True
7,warmup,results\cic_iot_diad_true_warmup_anchor_v3101_multiseed\seed_7\warmup\calibration\trusted_client_profiles.npz,client_006,8x8,float64,False,True
7,warmup,results\cic_iot_diad_true_warmup_anchor_v3101_multiseed\seed_7\warmup\calibration\trusted_client_profiles.npz,client_007,8x8,float64,False,True
7,warmup,results\cic_iot_diad_true_warmup_anchor_v3101_multiseed\seed_7\warmup\calibration\trusted_client_profiles.npz,client_008,8x8,float64,False,True
7,warmup,results\cic_iot_diad_true_warmup_anchor_v3101_multiseed\seed_7\warmup\calibration\trusted_client_profiles.npz,client_009,8x8,float64,False,True
7,warmup,results\cic_iot_diad_true_warmup_anchor_v3101_multiseed\seed_7\warmup\calibration\trusted_client_profiles.npz,client_010,8x8,float64,False,True
7,warmup,results\cic_iot_diad_true_warmup_anchor_v3101_multiseed\seed_7\warmup\calibration\trusted_client_profiles.npz,client_011,8x8,float64,False,True
7,warmup,results\cic_iot_diad_true_warmup_anchor_v3101_multiseed\seed_7\warmup\calibration\trusted_client_profiles.npz,client_012,8x8,float64,False,True
7,warmup,results\cic_iot_diad_true_warmup_anchor_v3101_multiseed\seed_7\warmup\calibration\trusted_client_profiles.npz,client_013,8x8,float64,False,True
7,warmup,results\cic_iot_diad_true_warmup_anchor_v3101_multiseed\seed_7\warmup\calibration\trusted_client_profiles.npz,client_014,8x8,float64,False,True
7,warmup,results\cic_iot_diad_true_warmup_anchor_v3101_multiseed\seed_7\warmup\calibration\trusted_client_profiles.npz,client_015,8x8,float64,False,True
7,warmup,results\cic_iot_diad_true_warmup_anchor_v3101_multiseed\seed_7\warmup\calibration\trusted_client_profiles.npz,client_016,8x8,float64,False,True
7,warmup,results\cic_iot_diad_true_warmup_anchor_v3101_multiseed\seed_7\warmup\calibration\trusted_client_profiles.npz,client_017,8x8,float64,False,True
7,warmup,results\cic_iot_diad_true_warmup_anchor_v3101_multiseed\seed_7\warmup\calibration\trusted_client_profiles.npz,client_018,8x8,float64,False,True
7,warmup,results\cic_iot_diad_true_warmup_anchor_v3101_multiseed\seed_7\warmup\calibration\trusted_client_profiles.npz,client_019,8x8,float64,False,True
7,warmup,results\cic_iot_diad_true_warmup_anchor_v3101_multiseed\seed_7\warmup\tables\warmup_local_signatures.npz,round_01,20x8x8,float64,False,True
7,warmup,results\cic_iot_diad_true_warmup_anchor_v3101_multiseed\seed_7\warmup\tables\warmup_local_signatures.npz,round_02,20x8x8,float64,False,True
7,warmup,results\cic_iot_diad_true_warmup_anchor_v3101_multiseed\seed_7\warmup\tables\warmup_local_signatures.npz,round_03,20x8x8,float64,False,True
7,warmup,results\cic_iot_diad_true_warmup_anchor_v3101_multiseed\seed_7\warmup\tables\warmup_local_signatures.npz,round_04,20x8x8,float64,False,True
7,warmup,results\cic_iot_diad_true_warmup_anchor_v3101_multiseed\seed_7\warmup\tables\warmup_local_signatures_partial.npz,round_01,20x8x8,float64,False,True
7,warmup,results\cic_iot_diad_true_warmup_anchor_v3101_multiseed\seed_7\warmup\tables\warmup_local_signatures_partial.npz,round_02,20x8x8,float64,False,True
7,warmup,results\cic_iot_diad_true_warmup_anchor_v3101_multiseed\seed_7\warmup\tables\warmup_local_signatures_partial.npz,round_03,20x8x8,float64,False,True
7,warmup,results\cic_iot_diad_true_warmup_anchor_v3101_multiseed\seed_7\warmup\tables\warmup_local_signatures_partial.npz,round_04,20x8x8,float64,False,True
99,warmup,results\cic_iot_diad_true_warmup_anchor_v3101_multiseed\seed_99\warmup\calibration\trusted_client_profiles.npz,client_000,8x8,float64,False,True
99,warmup,results\cic_iot_diad_true_warmup_anchor_v3101_multiseed\seed_99\warmup\calibration\trusted_client_profiles.npz,client_001,8x8,float64,False,True
99,warmup,results\cic_iot_diad_true_warmup_anchor_v3101_multiseed\seed_99\warmup\calibration\trusted_client_profiles.npz,client_002,8x8,float64,False,True
99,warmup,results\cic_iot_diad_true_warmup_anchor_v3101_multiseed\seed_99\warmup\calibration\trusted_client_profiles.npz,client_003,8x8,float64,False,True
99,warmup,results\cic_iot_diad_true_warmup_anchor_v3101_multiseed\seed_99\warmup\calibration\trusted_client_profiles.npz,client_004,8x8,float64,False,True
99,warmup,results\cic_iot_diad_true_warmup_anchor_v3101_multiseed\seed_99\warmup\calibration\trusted_client_profiles.npz,client_005,8x8,float64,False,True
99,warmup,results\cic_iot_diad_true_warmup_anchor_v3101_multiseed\seed_99\warmup\calibration\trusted_client_profiles.npz,client_006,8x8,float64,False,True
99,warmup,results\cic_iot_diad_true_warmup_anchor_v3101_multiseed\seed_99\warmup\calibration\trusted_client_profiles.npz,client_007,8x8,float64,False,True
99,warmup,results\cic_iot_diad_true_warmup_anchor_v3101_multiseed\seed_99\warmup\calibration\trusted_client_profiles.npz,client_008,8x8,float64,False,True
99,warmup,results\cic_iot_diad_true_warmup_anchor_v3101_multiseed\seed_99\warmup\calibration\trusted_client_profiles.npz,client_009,8x8,float64,False,True
99,warmup,results\cic_iot_diad_true_warmup_anchor_v3101_multiseed\seed_99\warmup\calibration\trusted_client_profiles.npz,client_010,8x8,float64,False,True
99,warmup,results\cic_iot_diad_true_warmup_anchor_v3101_multiseed\seed_99\warmup\calibration\trusted_client_profiles.npz,client_011,8x8,float64,False,True
99,warmup,results\cic_iot_diad_true_warmup_anchor_v3101_multiseed\seed_99\warmup\calibration\trusted_client_profiles.npz,client_012,8x8,float64,False,True
99,warmup,results\cic_iot_diad_true_warmup_anchor_v3101_multiseed\seed_99\warmup\calibration\trusted_client_profiles.npz,client_013,8x8,float64,False,True
99,warmup,results\cic_iot_diad_true_warmup_anchor_v3101_multiseed\seed_99\warmup\calibration\trusted_client_profiles.npz,client_014,8x8,float64,False,True
99,warmup,results\cic_iot_diad_true_warmup_anchor_v3101_multiseed\seed_99\warmup\calibration\trusted_client_profiles.npz,client_015,8x8,float64,False,True
99,warmup,results\cic_iot_diad_true_warmup_anchor_v3101_multiseed\seed_99\warmup\calibration\trusted_client_profiles.npz,client_016,8x8,float64,False,True
99,warmup,results\cic_iot_diad_true_warmup_anchor_v3101_multiseed\seed_99\warmup\calibration\trusted_client_profiles.npz,client_017,8x8,float64,False,True
99,warmup,results\cic_iot_diad_true_warmup_anchor_v3101_multiseed\seed_99\warmup\calibration\trusted_client_profiles.npz,client_018,8x8,float64,False,True
99,warmup,results\cic_iot_diad_true_warmup_anchor_v3101_multiseed\seed_99\warmup\calibration\trusted_client_profiles.npz,client_019,8x8,float64,False,True
99,warmup,results\cic_iot_diad_true_warmup_anchor_v3101_multiseed\seed_99\warmup\tables\warmup_local_signatures.npz,round_01,20x8x8,float64,False,True
99,warmup,results\cic_iot_diad_true_warmup_anchor_v3101_multiseed\seed_99\warmup\tables\warmup_local_signatures.npz,round_02,20x8x8,float64,False,True
99,warmup,results\cic_iot_diad_true_warmup_anchor_v3101_multiseed\seed_99\warmup\tables\warmup_local_signatures.npz,round_03,20x8x8,float64,False,True
99,warmup,results\cic_iot_diad_true_warmup_anchor_v3101_multiseed\seed_99\warmup\tables\warmup_local_signatures.npz,round_04,20x8x8,float64,False,True
99,warmup,results\cic_iot_diad_true_warmup_anchor_v3101_multiseed\seed_99\warmup\tables\warmup_local_signatures_partial.npz,round_01,20x8x8,float64,False,True
99,warmup,results\cic_iot_diad_true_warmup_anchor_v3101_multiseed\seed_99\warmup\tables\warmup_local_signatures_partial.npz,round_02,20x8x8,float64,False,True
99,warmup,results\cic_iot_diad_true_warmup_anchor_v3101_multiseed\seed_99\warmup\tables\warmup_local_signatures_partial.npz,round_03,20x8x8,float64,False,True
99,warmup,results\cic_iot_diad_true_warmup_anchor_v3101_multiseed\seed_99\warmup\tables\warmup_local_signatures_partial.npz,round_04,20x8x8,float64,False,True
123,warmup,results\cic_iot_diad_true_warmup_anchor_v3101_multiseed\seed_123\warmup\calibration\trusted_client_profiles.npz,client_000,8x8,float64,False,True
123,warmup,results\cic_iot_diad_true_warmup_anchor_v3101_multiseed\seed_123\warmup\calibration\trusted_client_profiles.npz,client_001,8x8,float64,False,True
123,warmup,results\cic_iot_diad_true_warmup_anchor_v3101_multiseed\seed_123\warmup\calibration\trusted_client_profiles.npz,client_002,8x8,float64,False,True
123,warmup,results\cic_iot_diad_true_warmup_anchor_v3101_multiseed\seed_123\warmup\calibration\trusted_client_profiles.npz,client_003,8x8,float64,False,True
123,warmup,results\cic_iot_diad_true_warmup_anchor_v3101_multiseed\seed_123\warmup\calibration\trusted_client_profiles.npz,client_004,8x8,float64,False,True
123,warmup,results\cic_iot_diad_true_warmup_anchor_v3101_multiseed\seed_123\warmup\calibration\trusted_client_profiles.npz,client_005,8x8,float64,False,True
123,warmup,results\cic_iot_diad_true_warmup_anchor_v3101_multiseed\seed_123\warmup\calibration\trusted_client_profiles.npz,client_006,8x8,float64,False,True
123,warmup,results\cic_iot_diad_true_warmup_anchor_v3101_multiseed\seed_123\warmup\calibration\trusted_client_profiles.npz,client_007,8x8,float64,False,True
123,warmup,results\cic_iot_diad_true_warmup_anchor_v3101_multiseed\seed_123\warmup\calibration\trusted_client_profiles.npz,client_008,8x8,float64,False,True
123,warmup,results\cic_iot_diad_true_warmup_anchor_v3101_multiseed\seed_123\warmup\calibration\trusted_client_profiles.npz,client_009,8x8,float64,False,True
123,warmup,results\cic_iot_diad_true_warmup_anchor_v3101_multiseed\seed_123\warmup\calibration\trusted_client_profiles.npz,client_010,8x8,float64,False,True
123,warmup,results\cic_iot_diad_true_warmup_anchor_v3101_multiseed\seed_123\warmup\calibration\trusted_client_profiles.npz,client_011,8x8,float64,False,True
123,warmup,results\cic_iot_diad_true_warmup_anchor_v3101_multiseed\seed_123\warmup\calibration\trusted_client_profiles.npz,client_012,8x8,float64,False,True
123,warmup,results\cic_iot_diad_true_warmup_anchor_v3101_multiseed\seed_123\warmup\calibration\trusted_client_profiles.npz,client_013,8x8,float64,False,True
123,warmup,results\cic_iot_diad_true_warmup_anchor_v3101_multiseed\seed_123\warmup\calibration\trusted_client_profiles.npz,client_014,8x8,float64,False,True
123,warmup,results\cic_iot_diad_true_warmup_anchor_v3101_multiseed\seed_123\warmup\calibration\trusted_client_profiles.npz,client_015,8x8,float64,False,True
123,warmup,results\cic_iot_diad_true_warmup_anchor_v3101_multiseed\seed_123\warmup\calibration\trusted_client_profiles.npz,client_016,8x8,float64,False,True
123,warmup,results\cic_iot_diad_true_warmup_anchor_v3101_multiseed\seed_123\warmup\calibration\trusted_client_profiles.npz,client_017,8x8,float64,False,True
123,warmup,results\cic_iot_diad_true_warmup_anchor_v3101_multiseed\seed_123\warmup\calibration\trusted_client_profiles.npz,client_018,8x8,float64,False,True
123,warmup,results\cic_iot_diad_true_warmup_anchor_v3101_multiseed\seed_123\warmup\calibration\trusted_client_profiles.npz,client_019,8x8,float64,False,True
123,warmup,results\cic_iot_diad_true_warmup_anchor_v3101_multiseed\seed_123\warmup\tables\warmup_local_signatures.npz,round_01,20x8x8,float64,False,True
123,warmup,results\cic_iot_diad_true_warmup_anchor_v3101_multiseed\seed_123\warmup\tables\warmup_local_signatures.npz,round_02,20x8x8,float64,False,True
123,warmup,results\cic_iot_diad_true_warmup_anchor_v3101_multiseed\seed_123\warmup\tables\warmup_local_signatures.npz,round_03,20x8x8,float64,False,True
123,warmup,results\cic_iot_diad_true_warmup_anchor_v3101_multiseed\seed_123\warmup\tables\warmup_local_signatures.npz,round_04,20x8x8,float64,False,True
123,warmup,results\cic_iot_diad_true_warmup_anchor_v3101_multiseed\seed_123\warmup\tables\warmup_local_signatures_partial.npz,round_01,20x8x8,float64,False,True
123,warmup,results\cic_iot_diad_true_warmup_anchor_v3101_multiseed\seed_123\warmup\tables\warmup_local_signatures_partial.npz,round_02,20x8x8,float64,False,True
123,warmup,results\cic_iot_diad_true_warmup_anchor_v3101_multiseed\seed_123\warmup\tables\warmup_local_signatures_partial.npz,round_03,20x8x8,float64,False,True
123,warmup,results\cic_iot_diad_true_warmup_anchor_v3101_multiseed\seed_123\warmup\tables\warmup_local_signatures_partial.npz,round_04,20x8x8,float64,False,True
2026,warmup,results\cic_iot_diad_true_warmup_anchor_v3101_multiseed\seed_2026\warmup\calibration\trusted_client_profiles.npz,client_000,8x8,float64,False,True
2026,warmup,results\cic_iot_diad_true_warmup_anchor_v3101_multiseed\seed_2026\warmup\calibration\trusted_client_profiles.npz,client_001,8x8,float64,False,True
2026,warmup,results\cic_iot_diad_true_warmup_anchor_v3101_multiseed\seed_2026\warmup\calibration\trusted_client_profiles.npz,client_002,8x8,float64,False,True
2026,warmup,results\cic_iot_diad_true_warmup_anchor_v3101_multiseed\seed_2026\warmup\calibration\trusted_client_profiles.npz,client_003,8x8,float64,False,True
2026,warmup,results\cic_iot_diad_true_warmup_anchor_v3101_multiseed\seed_2026\warmup\calibration\trusted_client_profiles.npz,client_004,8x8,float64,False,True
2026,warmup,results\cic_iot_diad_true_warmup_anchor_v3101_multiseed\seed_2026\warmup\calibration\trusted_client_profiles.npz,client_005,8x8,float64,False,True
2026,warmup,results\cic_iot_diad_true_warmup_anchor_v3101_multiseed\seed_2026\warmup\calibration\trusted_client_profiles.npz,client_006,8x8,float64,False,True
2026,warmup,results\cic_iot_diad_true_warmup_anchor_v3101_multiseed\seed_2026\warmup\calibration\trusted_client_profiles.npz,client_007,8x8,float64,False,True
2026,warmup,results\cic_iot_diad_true_warmup_anchor_v3101_multiseed\seed_2026\warmup\calibration\trusted_client_profiles.npz,client_008,8x8,float64,False,True
2026,warmup,results\cic_iot_diad_true_warmup_anchor_v3101_multiseed\seed_2026\warmup\calibration\trusted_client_profiles.npz,client_009,8x8,float64,False,True
2026,warmup,results\cic_iot_diad_true_warmup_anchor_v3101_multiseed\seed_2026\warmup\calibration\trusted_client_profiles.npz,client_010,8x8,float64,False,True
2026,warmup,results\cic_iot_diad_true_warmup_anchor_v3101_multiseed\seed_2026\warmup\calibration\trusted_client_profiles.npz,client_011,8x8,float64,False,True
2026,warmup,results\cic_iot_diad_true_warmup_anchor_v3101_multiseed\seed_2026\warmup\calibration\trusted_client_profiles.npz,client_012,8x8,float64,False,True
2026,warmup,results\cic_iot_diad_true_warmup_anchor_v3101_multiseed\seed_2026\warmup\calibration\trusted_client_profiles.npz,client_013,8x8,float64,False,True
2026,warmup,results\cic_iot_diad_true_warmup_anchor_v3101_multiseed\seed_2026\warmup\calibration\trusted_client_profiles.npz,client_014,8x8,float64,False,True
2026,warmup,results\cic_iot_diad_true_warmup_anchor_v3101_multiseed\seed_2026\warmup\calibration\trusted_client_profiles.npz,client_015,8x8,float64,False,True
2026,warmup,results\cic_iot_diad_true_warmup_anchor_v3101_multiseed\seed_2026\warmup\calibration\trusted_client_profiles.npz,client_016,8x8,float64,False,True
2026,warmup,results\cic_iot_diad_true_warmup_anchor_v3101_multiseed\seed_2026\warmup\calibration\trusted_client_profiles.npz,client_017,8x8,float64,False,True
2026,warmup,results\cic_iot_diad_true_warmup_anchor_v3101_multiseed\seed_2026\warmup\calibration\trusted_client_profiles.npz,client_018,8x8,float64,False,True
2026,warmup,results\cic_iot_diad_true_warmup_anchor_v3101_multiseed\seed_2026\warmup\calibration\trusted_client_profiles.npz,client_019,8x8,float64,False,True
2026,warmup,results\cic_iot_diad_true_warmup_anchor_v3101_multiseed\seed_2026\warmup\tables\warmup_local_signatures.npz,round_01,20x8x8,float64,False,True
2026,warmup,results\cic_iot_diad_true_warmup_anchor_v3101_multiseed\seed_2026\warmup\tables\warmup_local_signatures.npz,round_02,20x8x8,float64,False,True
2026,warmup,results\cic_iot_diad_true_warmup_anchor_v3101_multiseed\seed_2026\warmup\tables\warmup_local_signatures.npz,round_03,20x8x8,float64,False,True
2026,warmup,results\cic_iot_diad_true_warmup_anchor_v3101_multiseed\seed_2026\warmup\tables\warmup_local_signatures.npz,round_04,20x8x8,float64,False,True
2026,warmup,results\cic_iot_diad_true_warmup_anchor_v3101_multiseed\seed_2026\warmup\tables\warmup_local_signatures_partial.npz,round_01,20x8x8,float64,False,True
2026,warmup,results\cic_iot_diad_true_warmup_anchor_v3101_multiseed\seed_2026\warmup\tables\warmup_local_signatures_partial.npz,round_02,20x8x8,float64,False,True
2026,warmup,results\cic_iot_diad_true_warmup_anchor_v3101_multiseed\seed_2026\warmup\tables\warmup_local_signatures_partial.npz,round_03,20x8x8,float64,False,True
2026,warmup,results\cic_iot_diad_true_warmup_anchor_v3101_multiseed\seed_2026\warmup\tables\warmup_local_signatures_partial.npz,round_04,20x8x8,float64,False,True
