monitoring_round,client_id,client_samples,local_train_loss,local_train_accuracy,local_samples_seen,local_train_seconds
1,0,51858,0.8526505864201227,0.7635658914728682,51858,3.385570764541626
1,1,54356,1.0883045615638642,0.6157921848553978,54356,3.510524034500122
1,2,5411,1.7842584783633035,0.3690630197745334,5411,0.3273916244506836
1,3,9927,1.6627826684909703,0.33222524428326783,9927,0.7432773113250732
1,4,18308,1.444861638590267,0.5971706357876339,18308,1.1392755508422852
1,5,12303,1.5360737195453305,0.4159148175241811,12303,0.8474063873291016
1,6,14905,1.3931026216242706,0.5565246561556525,14905,0.9144077301025391
1,7,20029,1.3713209560612742,0.5514503969244595,20029,1.3880648612976074
1,8,14521,1.2028144276320265,0.6362509469044831,14521,0.9860644340515137
1,9,68254,1.1928925670153523,0.5790869399595628,68254,4.474732398986816
1,10,15345,1.5737882648239931,0.40123818833496255,15345,1.1253864765167236
1,11,47166,1.353392780021731,0.48346266378323366,47166,3.208409309387207
1,12,22111,1.397274125463943,0.5542490163267152,22111,1.4844188690185547
1,13,29659,1.406275143859367,0.6300617013385482,29659,1.8523070812225342
1,14,12716,1.6311857090614321,0.45548914753067005,12716,0.9664301872253418
1,15,6561,1.5756525359780955,0.5621094345374181,6561,0.45955705642700195
1,16,19036,1.281885130048725,0.6207711704139525,19036,1.2868516445159912
1,17,22629,1.4321587069393116,0.5292765919837377,22629,1.5179815292358398
1,18,16773,1.451741809609864,0.5290049484290228,16773,1.2094645500183105
1,19,21866,1.228093707860252,0.5972743071435105,21866,1.3985483646392822
2,0,51858,0.6432171917627392,0.8219946777739211,51858,3.354496717453003
2,1,54356,0.8999259088360295,0.6796489807932887,54356,3.6361300945281982
2,2,5411,1.3211010979804154,0.5440768804287562,5411,0.49090075492858887
2,3,9927,1.5996252139841693,0.5757026291931097,9927,0.6453826427459717
2,4,18308,1.165489742921017,0.6830347389119511,18308,1.1492788791656494
2,5,12303,1.242152973703085,0.5012598553198407,12303,0.8150403499603271
2,6,14905,1.212975970021593,0.6071117074807112,14905,1.0276472568511963
2,7,20029,1.0603315902426462,0.658994458035848,20029,1.109116792678833
2,8,14521,0.8971704068890568,0.7433372357275669,14521,0.9232122898101807
2,9,68254,1.054807088812219,0.6223078500893721,68254,4.790862083435059
2,10,15345,1.4509858945403435,0.5338546757901597,15345,0.9921255111694336
2,11,47166,1.1991580824752308,0.5442479752363991,47166,3.152723550796509
2,12,22111,1.1005677131648777,0.6718827732802677,22111,1.3994653224945068
2,13,29659,1.3270114885064153,0.6771637614214909,29659,2.0146586894989014
2,14,12716,1.323217935590633,0.6252752437873546,12716,0.8536570072174072
2,15,6561,0.784814119811393,0.8140527358634354,6561,0.4096951484680176
2,16,19036,0.989917910344512,0.7402815717587728,19036,1.2111434936523438
2,17,22629,1.1611502409044538,0.6325069600954527,22629,1.681229591369629
2,18,16773,1.1085425000536715,0.6664878077863232,16773,1.156245231628418
2,19,21866,0.8575170474585398,0.7258757888960029,21866,1.3734521865844727
3,0,51858,0.5910958324981539,0.8331597824829342,51858,3.264784812927246
3,1,54356,0.8282828343976929,0.7027007138126425,54356,3.5312092304229736
3,2,5411,1.2100462596708603,0.571058953982628,5411,0.33705735206604004
3,3,9927,1.4625660290083544,0.584365870857258,9927,0.608081579208374
3,4,18308,1.0748212599509508,0.7066856019226567,18308,1.1625432968139648
3,5,12303,1.1545630327949656,0.5444200601479314,12303,0.78121018409729
3,6,14905,1.1424664624222811,0.6363636363636364,14905,1.093461036682129
3,7,20029,0.9631559821972386,0.6818113735084128,20029,1.2656524181365967
3,8,14521,0.8019307194174128,0.7694373665725501,14521,1.072422742843628
3,9,68254,1.03997774242492,0.6214434318867759,68254,4.3503806591033936
3,10,15345,1.327287632854259,0.5434995112414467,15345,0.9862070083618164
3,11,47166,1.1347431112871427,0.5662341517194589,47166,3.0654025077819824
3,12,22111,1.0312034665155343,0.6858124915200579,22111,1.3862028121948242
3,13,29659,1.230353875211504,0.697022826123605,29659,1.9535870552062988
3,14,12716,1.1691723399733778,0.6424189996854357,12716,0.8257288932800293
3,15,6561,0.6255858701243122,0.8353909465020576,6561,0.4295816421508789
3,16,19036,0.894899791355117,0.7705925614624921,19036,1.176882266998291
3,17,22629,1.0936929336138466,0.642405762517124,22629,1.5515086650848389
3,18,16773,1.0073244896698657,0.6826447266440112,16773,1.0734179019927979
3,19,21866,0.7544267233953508,0.7521265892252813,21866,1.3944227695465088
4,0,51858,0.5460364612224472,0.8417987581472482,51858,3.4359424114227295
4,1,54356,0.8031595401157211,0.7095076900434175,54356,3.379317045211792
4,2,5411,1.1813769116240407,0.5836259471447053,5411,0.34287357330322266
4,3,9927,1.3811817528126258,0.6071320640676942,9927,0.6366820335388184
4,4,18308,1.039440073247088,0.7102905833515403,18308,1.1475028991699219
4,5,12303,1.1339509195209005,0.5320653499146549,12303,0.8820030689239502
4,6,14905,1.0883497717715638,0.6467628312646763,14905,0.9119541645050049
4,7,20029,0.9343503940670267,0.6892505866493585,20029,1.2739307880401611
4,8,14521,0.7604736139619821,0.7838303147166173,14521,0.9331073760986328
4,9,68254,0.9774104947502671,0.6436985378146336,68254,4.560900688171387
4,10,15345,1.3097753287449299,0.555425219941349,15345,1.0148851871490479
4,11,47166,1.115899967901105,0.5685451384471866,47166,3.1671578884124756
4,12,22111,0.9454324958465795,0.7231242368052101,22111,1.4266128540039062
4,13,29659,1.219097360676686,0.694089483799184,29659,1.8884975910186768
4,14,12716,1.1380425352988734,0.6475306700220195,12716,0.8158960342407227
4,15,6561,0.5724712960504936,0.837372351775644,6561,0.42548441886901855
4,16,19036,0.869647353480508,0.7687014078587938,19036,1.2342064380645752
4,17,22629,1.0155391165420924,0.6728534181802113,22629,1.5994203090667725
4,18,16773,0.9511116987611444,0.6940320753592083,16773,1.0564701557159424
4,19,21866,0.7113366752227794,0.7627366688008781,21866,1.4744133949279785
