monitoring_round,global_round,client_id,actual_malicious,client_samples,aggregation_weight,poisoned_rows,hist_js,hist_l1,hist_fro,hist_diag_loss,hist_offdiag_growth,cons_js,cons_l1,cons_fro,cons_diag_loss,cons_offdiag_growth,source_target_growth_from_profile,source_diagonal_loss_from_profile,z_hist_js,z_hist_l1,z_hist_fro,z_hist_diag_loss,z_hist_offdiag_growth,z_cons_js,z_cons_l1,z_cons_fro,z_cons_diag_loss,z_cons_offdiag_growth,candidate_max_anchor_absolute,candidate_max_anchor_absolute_ema,clean_ema_threshold,flagged,harm_weight
1,5,0,False,51858,0.1072035457503504,0,0.004780717780793877,0.01886986028749635,0.25447232694831373,0.0024092709584806744,0.05808855285654407,0.07319548246081226,0.07487157400033187,0.7745162065426036,0.037664088432501276,0.16420572818972196,0.0,0.0,0.2023276188505256,0.4509437662077875,0.5675876799641377,0.0,1.2263550031909418,0.0,0.0,0.0,0.0,0.0,0.46990659706231375,0.1644673089718098,2.14895712826428,False,0.0
1,5,1,True,54356,0.11236754083856003,40767,0.28915993268767726,0.1573714070128425,2.0209702737104878,0.1826427920596998,0.5974310937860726,0.15211522060145213,0.11732457727157217,1.4673591662667191,0.1534343508941251,0.4835824918181556,0.009113634712160278,0.4763395030752108,20.0,20.0,20.0,13.076274767159576,20.0,1.5461136696146556,1.7918439462405327,2.025190731851245,2.0470552574918455,2.5644641062936144,18.269068691789894,6.394174042126463,2.14895712826428,True,0.0010240767207063883
1,5,2,False,5411,0.011185899688671874,0,0.007118186020524707,0.0210860421574242,0.325749267484076,0.0012941491272299038,0.04791714286213156,0.07239969002003865,0.07645179553657445,0.7431567842152049,0.051560461026337503,0.17775625905032227,0.0,0.0,0.8980484193444337,0.7658996282762324,1.4562487791019705,0.0,0.6800693739504607,0.0,0.0,0.0,0.0,0.0,0.5860043553927817,0.2051015243874736,2.14895712826428,False,0.0
1,5,3,False,9927,0.020521608983449582,0,0.003914088863076573,0.015591289981975346,0.21594555820217698,0.0003708907203830271,0.02157785695166793,0.08487364716324688,0.07950285801913987,0.9044114905312156,0.060221491685730974,0.2951238162476223,0.0,0.0,0.0,0.0,0.0872466271240133,0.0,0.0,0.0,0.0,0.0,0.0,0.372856844731908,0.093214211182977,0.03262497391404195,2.14895712826428,False,0.0
1,5,4,False,18308,0.037847246627278626,0,0.00374331035648448,0.016263130626774473,0.19391074349330603,8.748922730694199e-06,0.03960096582298554,0.10401677008982774,0.09385865722893294,1.1030866832667237,0.06071678065686251,0.35017294694848944,0.0,0.0,0.0,0.08048464522473825,0.0,0.0,0.2334245125988146,0.18155025206439337,0.3797952903183971,0.45817714976203,0.0,1.0130294142431822,0.39359373915649315,0.13775780870477258,2.14895712826428,False,0.0
1,5,5,False,12303,0.02543339934757532,0,0.00640850833331728,0.020160692838273854,0.29805837519638656,0.00393351620367484,0.05346095328904697,0.13747555956574242,0.11413152577179246,1.1642593000522703,0.08160818687136816,0.3022514583502985,0.0,0.0,0.6868209381558669,0.634392283828489,1.1110064245407671,0.0,0.9778160943285678,1.1307833277393495,1.599703852421011,0.7213271976751783,0.0,0.45574500120837497,0.7965580453421839,0.27879531586976436,2.14895712826428,False,0.0
1,5,6,False,14905,0.030812388626807297,0,0.006442888129729076,0.015380670720993667,0.35124194766602435,0.00031534979019605955,0.009262911408945093,0.15787803963614147,0.1161444933297721,1.2797492038485263,0.09931066233216061,0.3768922855186357,0.0,0.0,0.6970536930116876,0.0,1.774084435629525,0.0,0.0,1.7096060888725044,1.7208330529592877,1.2181372953045186,0.4969830188319706,1.3237516256626403,1.312793446581601,0.4594777063035603,2.14895712826428,False,0.0
1,5,7,True,20029,0.04140498703833098,15022,0.21804899267799072,0.14445753637867165,1.499017873329325,0.13983222845244772,0.33775038143679453,0.15614567466805407,0.12368129720022192,1.3084739195705342,0.1555321144483825,0.30015532412157425,0.0,0.5854334276051636,20.0,18.299016311696313,16.08423590954315,9.842843386874701,16.246419879587634,1.660458520995523,2.1743560239691413,1.3417041903588411,2.1071340351051653,0.43136881909326324,16.09706989453966,5.633974463088881,2.14895712826428,True,0.0
1,5,8,True,14521,0.030018563921494046,10891,0.40446316836270346,0.18846138918974523,2.838007536960258,0.17718705497130585,0.7715248648909754,0.2436548517146348,0.1551041993899716,1.9860557759783573,0.18428825437479884,0.6635119520475746,0.023733380066095038,0.33663293816214285,20.0,20.0,20.0,12.66420937913911,20.0,4.143112752628906,4.065211644442754,4.256500178306952,2.9306938362803074,4.656884157606602,18.166052344784777,6.358118320674672,2.14895712826428,True,0.0007124419865871865
1,5,9,False,68254,0.1410982068657568,0,0.0013583586423224568,0.007987353719514702,0.11938436361920629,0.00026389288680830046,0.01985100410095805,0.14900787817074207,0.10293031975565575,1.2830391074331995,0.09727962651436159,0.3936220467563564,6.165107042854778e-05,0.0,0.0,0.0,0.0,0.0,0.0,1.4579576944918415,0.9256775252600553,1.2322896780441914,0.43881528635583333,1.5183039120022517,1.0851886045274954,0.37981601158462336,2.14895712826428,False,8.698855488822578e-06
1,5,10,True,15345,0.03172197943497873,11509,0.09332035489929266,0.09031398562244729,1.225597077139341,0.10676446252363758,0.33222889167272746,0.18590806339692773,0.1374961234101441,1.7351720667736066,0.17005821774201843,0.5770502880761486,0.026341180788920192,0.48149995854871286,20.0,10.604328012297675,12.675301358719924,7.345274024998396,15.949871956363106,2.5048239100326604,3.0056554891540803,3.1772581323224625,2.5231535276715746,3.6514116844883975,13.474868498414795,4.716203974445178,2.14895712826428,True,0.0008355943952791831
1,5,11,False,47166,0.09750400013230412,0,0.009766742463813979,0.02157312860867673,0.4155182773152518,0.0001552171948179255,0.020728188914607447,0.11798657173539931,0.09762484785372547,1.026241093222977,0.049986396923271115,0.3187970266495658,0.0,0.0,1.68636108069238,0.8351226172546117,2.5754638624859427,0.0,0.0,0.5778765385291386,0.6064237114508979,0.12760569860410056,0.0,0.6481552870260106,0.6303709244867479,0.22062982357036176,2.14895712826428,False,0.0
1,5,12,False,22111,0.04570900536245127,0,0.004882249603823823,0.01790647811390305,0.24053807386431467,0.0027757706509456675,0.03514733991182612,0.09492635433334103,0.09424722345438899,1.0713901190899793,0.058610430952677206,0.34048572661946597,0.0,0.0,0.23254740964525933,0.3140313281526349,0.3938592824176911,0.0,0.0,0.0,0.40317704630303236,0.32182606948973413,0.0,0.9003756329663941,0.32588816981735663,0.11406085943607482,2.14895712826428,False,0.0
1,5,13,False,29659,0.06131262222626485,0,0.0034924473977634256,0.010077921368416419,0.15191695770755972,0.0006017735377873076,0.01748461102334989,0.06182453687337071,0.07387152095998581,0.7955976269944399,0.08296128373999753,0.18991974505766956,0.0,0.0,0.0,0.0,0.0,0.0,0.0,0.0,0.0,0.0,0.028745939128173564,0.0,0.007186484782043391,0.0025152696737151866,2.14895712826428,False,0.0
1,5,14,True,12716,0.026287174356154415,9537,0.09587864665025904,0.08989750350993873,1.0908192303276658,0.09812843626529988,0.3222643083128154,0.09892260047364254,0.08785962920289306,1.1000811484966135,0.11908740847644284,0.3331401386722569,0.0,0.46110370187221994,20.0,10.545139060090657,10.994928595988899,6.69300514667083,15.414694562680314,0.037027561060815416,0.018807123410107075,0.44524805402738454,1.0633779927107228,0.814952959604146,13.16320969236045,4.607123392326157,2.14895712826428,True,0.0
1,5,15,True,6561,0.01356323930093812,4921,0.03143174073037854,0.05226581125249632,0.6640985684300024,0.05226065894535152,0.11382128334730926,0.14112333193456195,0.11150816431476325,1.1688954310664843,0.09604741196432921,0.32851201326707036,0.010041056942691945,0.20022341349602657,8.134701075442054,5.197057191510511,5.674693894886129,3.2286660202147575,4.219645978794402,1.2342714167961644,1.4418445393122545,0.7412707306255343,0.40352534923539424,0.761131965613191,5.1950175664904314,1.8182561482716508,2.14895712826428,False,0.00013618925814807694
1,5,16,False,19036,0.039352205964435,0,0.002922909572422152,0.012614943167298602,0.19107711085767728,0.0005233829357555245,0.028999830930437176,0.1289385131946137,0.09487997940671399,1.1727773731340276,0.06609634710681575,0.3800781350779937,0.0,0.0,0.0,0.0,0.0,0.0,0.0,0.888585480447843,0.44125278296214143,0.757969922106116,0.0,1.3608002306546616,0.6726596235161615,0.2354308682306565,2.14895712826428,False,0.0
1,5,17,True,22629,0.04677984181388945,16972,0.2924155643800367,0.16607399212692914,1.8884945307942478,0.17856692763848747,0.4915961721185069,0.141752222436195,0.11077427628307188,1.3397837096291336,0.14094243054446215,0.4426327884790088,0.0,0.3178701471206888,20.0,20.0,20.0,12.768429534327788,20.0,1.2521131760013993,1.3976832361601026,1.476391460366518,1.6892936293390564,2.0882553728660933,18.19210738358195,6.367237584253681,2.14895712826428,True,0.0
1,5,18,True,16773,0.03467401505786238,12580,0.12468496013660073,0.10389940469276418,1.1642331797681311,0.12261588431465678,0.2597417088456743,0.08704961740970432,0.08837811113053941,0.9997306022376741,0.12889126603584294,0.25024433401659774,0.0031325284347890406,0.5364446735601096,20.0,12.535039310369996,11.91023332864756,8.542513218376603,12.056733610322649,0.0,0.05000648434386248,0.013563871728519562,1.3441550025260027,0.0,13.283571534767312,4.649250037168558,2.14895712826428,True,0.00010861733811705725
1,5,19,False,21866,0.045202528662446714,0,0.003029554002957638,0.013689430776552781,0.16625200371413576,0.0006200288153526215,0.03401282061494588,0.11279185656600106,0.0908236567336823,0.9901257358603411,0.061260332864771665,0.27375456031799617,0.0014658674894727393,0.0,0.0,0.0,0.0,0.0,0.0,0.43050134848967747,0.1971658275803282,0.0,0.0,0.12435134967969816,0.18800463143742596,0.06580162100309908,2.14895712826428,False,6.62609172082403e-05
2,6,0,False,51858,0.1072035457503504,0,0.002668092250087482,0.013592109000900446,0.16863930515252643,0.00030926644525505406,0.026600186324056013,0.07741741909965655,0.07623867459783333,0.7816357308056774,0.04401288240948181,0.1363599391913371,0.0,0.0,0.0,0.0,0.0,0.0,0.0,0.0,0.0,0.0,0.0,0.0,0.0,0.10690375083167637,2.14895712826428,False,0.0
2,6,1,True,54356,0.11236754083856003,40767,0.3131038971517093,0.16382837673094652,2.141875205042607,0.19118656128279876,0.6459025151208164,0.15789689196852424,0.12147173676223301,1.5368127842291877,0.15654716895023982,0.5056478455658009,0.0049622757943199765,0.511738841411969,20.0,20.0,20.0,13.721575580419612,20.0,1.710140933609318,2.041396956480132,2.3239636772466983,2.136204629624133,2.8210646016322776,18.430393895104903,10.606850990668917,2.14895712826428,True,0.0005575987279704479
2,6,2,False,5411,0.011185899688671874,0,0.01126797218573313,0.03010853907122392,0.43056852016045916,0.01049574972502351,0.07124531983087025,0.07560929008757772,0.07705495419459783,0.7691647142740078,0.049515613877447684,0.1912701631587813,0.0,0.0,2.133185010149967,2.048144705747326,2.7631061104357233,0.07421168257363356,1.932978050466433,0.0,0.0,0.0,0.0,0.0,1.54712986223434,0.6748114426338768,2.14895712826428,False,0.0
2,6,3,False,9927,0.020521608983449582,0,0.0052757759679112615,0.016890001238761235,0.21653695801389078,0.0012224690413787575,0.03400222607169749,0.0983263077767698,0.0885143247028726,0.9544728593334141,0.06822778846266775,0.29552811675116414,0.0,0.0,0.349676050105374,0.16957326050615984,0.09462003572933642,0.0,0.0,0.020110608609129325,0.058203060117662915,0.0,0.0,0.3775585010325952,0.12981232765288347,0.06664054772263647,2.14895712826428,False,0.0
2,6,4,False,18308,0.037847246627278626,0,0.003603280240598889,0.016394108233491682,0.18743646581220108,0.003388994039687954,0.034404443823911696,0.10977557717722983,0.09641457614926208,1.2047834282933254,0.06116788807037535,0.40413391585131614,0.0,0.0,0.0,0.09909871548451485,0.0,0.0,0.0,0.3449288515121841,0.5335962863815712,0.8956523589749937,0.0,1.6405476270838508,0.6297681912444015,0.3099614425936427,2.14895712826428,False,0.0
2,6,5,False,12303,0.02543339934757532,0,0.006944958681609933,0.02092373791283806,0.29438054100515015,0.0041601754666440146,0.058733636844886736,0.13178964865581208,0.11342412347300215,1.1511649401232935,0.08402229225711619,0.30329196633332356,0.0034667390673698006,0.0,0.8464892747756525,0.7428335279869722,1.0651522092747374,0.0,1.2610011449430012,0.9694728085727137,1.557136313479941,0.6649983756667598,0.05913263100126002,0.46784518627232663,0.7633967348315603,0.448405812506393,2.14895712826428,False,8.817095913425697e-05
2,6,6,False,14905,0.030812388626807297,0,0.011062763378524685,0.02630208302288571,0.4447710054483847,0.002348399939145998,0.047806021253318856,0.16191157611566523,0.11745022990123093,1.3208304849094112,0.09037965614411056,0.4101352833869291,0.0,0.0,2.07210694577554,1.5071847500695752,2.940178752605659,0.0,0.674101259596029,1.8240383889729492,1.7994050231768017,1.3948591955201657,0.24120398522921235,1.7103382091864376,1.39374640164135,0.7864717496717867,2.14895712826428,False,0.0
2,6,7,True,20029,0.04140498703833098,15022,0.2290857308269751,0.1480148502335737,1.5177360448259105,0.13802256468033938,0.3541590414938935,0.15640987171276227,0.12229324575267927,1.2853332706832121,0.14268318413394093,0.3017293105786497,0.0,0.5532315225043305,20.0,18.804569067551665,16.317608873239035,9.706161616408393,17.127695453889483,1.6679538481505334,2.0908308019752067,1.2421586226943417,1.7391478407775358,0.44967288569292113,16.409606534462387,9.405445688069609,2.14895712826428,True,0.0
2,6,8,True,14521,0.030018563921494046,10891,0.41354349968977766,0.19236013722523723,2.8923710002546894,0.18379511329152554,0.809074565618482,0.2476719109811829,0.15766174834538121,1.9964885829036294,0.18753951373322467,0.6746555851879827,0.011221981667045926,0.4260246877641696,20.0,20.0,20.0,13.163308230800375,20.0,4.257077590642515,4.219110726958124,4.301379632326036,3.0238080900586546,4.786474728254318,18.290827057700092,10.534566378633569,2.14895712826428,True,0.00033686777399805247
2,6,9,False,68254,0.1410982068657568,0,0.0016012748367695382,0.009356777297464165,0.11556426851347952,0.0005931786734813223,0.024757876024800597,0.15690250540433245,0.10612441608173467,1.3262392347303005,0.09779351891265292,0.4090299470621435,0.0043650932161473505,0.0,0.0,0.0,0.0,0.0,0.0,1.6819299722588754,1.117880490919624,1.4181263508146162,0.4535328778839453,1.697484128001083,1.237706867265882,0.6800778110730639,2.14895712826428,False,0.0006159068256002705
2,6,10,True,15345,0.03172197943497873,11509,0.08845676158197777,0.08616810586477949,1.2276710616145121,0.10612575818611027,0.3549560665195085,0.16953052201418614,0.13005311798345642,1.6585768387781439,0.1630029832783778,0.5440797882289719,0.0066905132378190825,0.5162728156101729,20.0,10.015130369799643,12.701159221156871,7.297033439645882,17.170502038018697,2.040189527789856,2.5577767872034083,2.8477636791493093,2.3210955495497525,3.267994011284237,13.620666461866055,7.832765845042484,2.14895712826428,True,0.0002122363233395499
2,6,11,False,47166,0.09750400013230412,0,0.0086966800980031,0.020162313621190545,0.36759121267340605,0.003683220768837054,0.03168109905147061,0.12928733905835382,0.10473890085049602,1.0712407397393138,0.06074852237835313,0.2962218160467729,0.0,0.0,1.3678692042825094,0.6346226237151558,1.9779225311250215,0.0,0.0,0.8984817454562162,1.0345078843277984,0.32118347505205186,0.0,0.3856256086305544,0.5796538096036422,0.34628821868200993,2.14895712826428,False,0.0
2,6,12,False,22111,0.04570900536245127,0,0.00398819759339878,0.014840668828796939,0.20938632192957493,0.0023510955530132377,0.02101713210032475,0.10561332820072462,0.09750743151164744,1.1368854926572494,0.06368331311942846,0.36153568990952295,0.0,0.0,0.0,0.0,0.005467890947890769,0.0,0.0,0.22684495010454173,0.5993582485279311,0.6035715889390318,0.0,1.145168037786358,0.4928428091047077,0.2466345418200963,2.14895712826428,False,0.0
2,6,13,False,29659,0.06131262222626485,0,0.004478974675647134,0.01916893192214173,0.23604250318789155,0.005773943646306653,0.059008758819744614,0.07094460025815325,0.07537997507036343,0.8649095046252769,0.09040673809778577,0.19990430240772092,0.002224271693729636,0.0,0.11251722010885809,0.49344676011280575,0.33780975576106476,0.0,1.275777383560428,0.0,0.0,0.0,0.24197959727037155,0.0,0.470435340945523,0.1662872946188479,2.14895712826428,False,0.00013637593008621946
2,6,14,True,12716,0.026287174356154415,9537,0.10823331564736022,0.0946939279084987,1.2138425626362825,0.11428075297428938,0.3755333506900425,0.12249821140213792,0.09706295908300094,1.2528718752301535,0.1365892529838884,0.3921463534981025,0.0,0.48868613187141174,20.0,11.226789786411128,12.52874933643049,7.912970578340574,18.275665888196343,0.7058727291946213,0.572612367934956,1.1025174201813521,1.5646210531365456,1.5011429081331753,14.353856563237011,8.018480002144955,2.14895712826428,True,0.0
2,6,15,True,6561,0.01356323930093812,4921,0.05364901627090289,0.06767075297839473,0.9013131176682442,0.08461832010753755,0.18284797288825408,0.18108843873838773,0.1296546977009187,1.3267747553622034,0.13108857367351978,0.33930095411091415,0.00047962509497144826,0.4324320425583405,14.747420110985942,7.3863525590213195,8.632219014132426,5.67260200653552,7.926928307495808,2.368090118706526,2.533802068827685,1.4204300332030575,1.4070846671415023,0.8865977794121329,8.933325746009647,4.308530507479949,2.14895712826428,True,6.505269937832925e-06
2,6,16,False,19036,0.039352205964435,0,0.0026428786050654834,0.011675579115669469,0.16523116108622532,0.0011914110921025763,0.03037406506572955,0.12856216096267398,0.10024456079787272,1.1694699963457829,0.07019602663015069,0.3748104316240255,0.0,0.0,0.0,0.0,0.0,0.0,0.0,0.8779082864352373,0.76406347733109,0.743742373800563,0.0,1.2995415111687039,0.7353783187337578,0.410412475906742,2.14895712826428,False,0.0
2,6,17,True,22629,0.04677984181388945,16972,0.3108280916324154,0.1716817735699125,1.9727849635725963,0.18440674742920518,0.5143157965993858,0.16275859694905623,0.11898074431195096,1.448132599407893,0.145685336052286,0.4774394617945335,0.0,0.40014611277000767,20.0,20.0,20.0,13.209504235883843,20.0,1.8480685527485776,1.8915028745544467,1.9424826141350708,1.825127796477312,2.4930261150894206,18.30237605897096,10.544536050404728,2.14895712826428,True,0.0
2,6,18,True,16773,0.03467401505786238,12580,0.13891158057638964,0.1148180575937697,1.1823937316966322,0.12504217563687792,0.24723011851789267,0.08716990326771733,0.08198144271235047,0.9332856082039003,0.11765355528715761,0.20337061271641627,0.0,0.5121868851016108,20.0,14.086759313013223,12.136654046434039,8.72576814047844,11.384761681281743,0.0,0.0,0.0,1.0223132374791868,0.0,13.549322283693353,7.764275323452236,2.14895712826428,True,0.0
2,6,19,False,21866,0.045202528662446714,0,0.0032063079060160025,0.015060675881963324,0.1940704930700019,0.00409158739258339,0.037105124125209096,0.11966866198208967,0.10050399823267556,1.0457398546620795,0.06410222404643343,0.2728203198832326,0.0004885602847128148,0.0,0.0,0.0,0.0,0.0,0.0993779592592658,0.625597801714052,0.7796749803296328,0.21148473266496148,0.0,0.1134869619582311,0.37968993600047896,0.175662531252182,2.14895712826428,False,2.208416027306414e-05
3,7,0,False,51858,0.1072035457503504,0,0.0038372033597880995,0.015791249475994314,0.20303717630713633,0.002436806975186819,0.02758819145446978,0.08777450831614511,0.08446882825502598,0.8752009692624857,0.044600495671166945,0.14481396642577934,0.0,0.0,0.0,0.013422579311053428,0.0,0.0,0.0,0.0,0.0,0.0,0.0,0.0,0.003355644827763357,0.07066191373030682,2.14895712826428,False,0.0
3,7,1,True,54356,0.11236754083856003,40767,0.31475423256071167,0.1651040785582633,2.15957263711407,0.19502214544314106,0.6562154529392128,0.16399448628374333,0.12329450917151522,1.5669522568659482,0.15401689902747726,0.5189319497249828,0.0037292695330827606,0.500450223617188,20.0,20.0,20.0,14.011272728524279,20.0,1.883130999798654,2.1510812699825235,2.453616520057805,2.0637391109612646,2.975546951943123,18.50281818213107,13.37043950768067,2.14895712826428,True,0.0004190488465566748
3,7,2,False,5411,0.011185899688671874,0,0.008939625650169938,0.02462653517191835,0.3336701451574229,0.0025897233909117183,0.05919049422247354,0.08164766887144856,0.0807259469736746,0.8156701879062468,0.05054696678643969,0.1938573616052885,0.0,0.0,1.4401791810158877,1.2690618662940052,1.5550040820993127,0.0,1.285538020373769,0.0,0.0,0.0,0.0,0.0,0.9986947669209154,0.7881706061343403,2.14895712826428,False,0.0
3,7,3,False,9927,0.020521608983449582,0,0.008687926549870979,0.027053119465817115,0.3082127804567844,0.003847619595270789,0.06223902521945025,0.10208292682355574,0.08535545603543696,1.0166920604826948,0.05922095897145674,0.34008911179489215,0.0,0.0,1.3652638103737806,1.6139193703360875,1.2376087291847013,0.0,1.449268385667998,0.1266867014019262,0.0,0.08652803092905652,0.0,0.8957633542960303,1.1071128915944666,0.430805868077777,2.14895712826428,False,0.0
3,7,4,False,18308,0.037847246627278626,0,0.005913331605124021,0.016864760223534513,0.21551748520098343,0.00039633792389087014,0.036041989370625235,0.11774167056015677,0.09790730236828185,1.2572143489687617,0.05421765908216693,0.40962290190697753,0.0,0.0,0.5394372244998303,0.16598609745871845,0.0819095318321493,0.0,0.04227916580837671,0.5709286393536701,0.623420254391203,1.1211977093764733,0.0,1.7043796669821476,0.7246821401817551,0.45511368674948205,2.14895712826428,False,0.0
3,7,5,False,12303,0.02543339934757532,0,0.006264394676521597,0.017618012437922437,0.24702417335609825,0.0023748680634168573,0.0531560896265453,0.14534215399961642,0.1183933452913398,1.1998501196983031,0.08253136265103964,0.29451174580312167,0.0,0.0,0.6439271494986388,0.2730356152608096,0.4747261695225571,0.0,0.9614424904925438,1.353960308930764,1.8561564659739678,0.8744304387537031,0.016433239042237858,0.3657390082794661,0.8980722555566089,0.6057890675739686,2.14895712826428,False,0.0
3,7,6,False,14905,0.030812388626807297,0,0.011614582515421806,0.024996685074070532,0.45455518263213857,0.00024465015821306625,0.03345798523736297,0.16291033695637255,0.12006048844065585,1.310814128037717,0.09496221569485652,0.3869077009496177,0.0,0.0,2.236349627290704,1.3216662500356187,3.062165156411971,0.0,0.0,1.8523734494918236,1.9564758755238165,1.3517712105817103,0.3724459336319832,1.4402220249140787,1.4053793208904253,1.0030893995983101,2.14895712826428,False,0.0
3,7,7,True,20029,0.04140498703833098,15022,0.23033793799412086,0.14595811519288107,1.5037398346383386,0.13518735073155455,0.35653447513313874,0.15974956771717852,0.12338007745278476,1.284390436061352,0.13857503787160122,0.30876677587731927,0.0,0.5276785050086208,20.0,18.512273220095423,16.14310801173234,9.492021250588277,17.25527513665195,1.7627017442862687,2.156230293602168,1.2381027723980165,1.6214928242256488,0.5315123659124471,16.314892401833912,11.823752037887115,2.14895712826428,True,0.0
3,7,8,True,14521,0.030018563921494046,10891,0.42249650387663357,0.19435297137772087,2.911793261499205,0.1839051292272556,0.8156433537522048,0.25119272715644747,0.15835723108723399,2.0031228585929597,0.1808375494796623,0.6841955396624909,0.008325021230170876,0.3930872612201669,20.0,20.0,20.0,13.171617604677918,20.0,4.356963905099238,4.26096101320583,4.32991870842338,2.831867573623889,4.8974159382464,18.29290440116948,13.249984686521138,2.14895712826428,True,0.0002499051819456794
3,7,9,False,68254,0.1410982068657568,0,0.0031706569088084044,0.014538734062447654,0.21542916288938688,0.0013013395724216377,0.03053898291365717,0.1527710627909168,0.10391763798108518,1.2793023463892548,0.08792526667381895,0.38958713841985537,0.0,0.0,0.0,0.0,0.0808083537805688,0.0,0.0,1.5647200540181043,0.9850888490288142,1.2162150207967943,0.17091164038278683,1.4713815064231996,1.0480255124632263,0.8088595065596207,2.14895712826428,False,0.0
3,7,10,True,15345,0.03172197943497873,11509,0.09387907512709011,0.08787197942499088,1.2470497033038446,0.10677653037995487,0.36175162022527096,0.17287488663848466,0.13154142233283023,1.6762297381495312,0.15809638422992106,0.5560363186254841,0.004808333338772151,0.5022472490976176,20.0,10.257278802333058,12.942766743786157,7.346185495953721,17.53547732996241,2.1350698736788374,2.6473346716723603,2.9237022536208226,2.1805732907509943,3.407037856099289,13.784735407062298,9.915955191749418,2.14895712826428,True,0.00015252985128905278
3,7,11,False,47166,0.09750400013230412,0,0.008766957281189659,0.021436365200066844,0.3519855722480461,0.001002690711325805,0.03447212130969471,0.12132438271757984,0.0977391868176823,1.0344950493744711,0.053362080299648354,0.29996042735845024,0.0,0.0,1.3887864074820873,0.8156862894682336,1.783355740394266,0.0,0.0,0.6725709561773806,0.613303994861112,0.1631122548194932,0.0,0.4291023425830981,0.5511181742375802,0.41797870312645957,2.14895712826428,False,0.0
3,7,12,False,22111,0.04570900536245127,0,0.009962240997007574,0.02792675154186435,0.35700225141836567,0.001092842865022285,0.08100104346423484,0.10594704087649412,0.10003232698758989,1.0939033150801172,0.05624570325781659,0.29410158016414084,0.0,0.0,1.744548992595087,1.7380768446732726,1.8459023030273976,0.0,2.456938015375568,0.23631245070973922,0.7512924261212265,0.4186724840260278,0.0,0.3609691456551421,1.484890963160982,0.6800242892894062,2.14895712826428,False,0.0
3,7,13,False,29659,0.06131262222626485,0,0.005679532261514094,0.020861959958738553,0.3048749394950947,0.010797099613741737,0.0758057756731794,0.06299326536992088,0.06970997745170839,0.7870840025599585,0.0868714658919337,0.1629342186862477,0.0,0.0,0.4698495125786709,0.7340538655169113,1.1959934550796882,0.09697228426918814,2.177910807164653,0.0,0.0,0.0,0.14073137402477093,0.0,0.8696966173823559,0.41248055758607566,2.14895712826428,False,0.0
3,7,14,True,12716,0.026287174356154415,9537,0.11168633411083811,0.09837451909127255,1.2410285157501872,0.1194971911722079,0.3863097462664181,0.12541033586987616,0.09915241961068125,1.2755472937285475,0.13439528500170195,0.4027431712603088,0.0,0.4737662175512444,20.0,11.749862276364215,12.867696249607702,8.306962003382433,18.854444055787525,0.7884903285925114,0.6983444902788576,1.2000616773646233,1.5017870343907174,1.6243745008777897,14.727817083883544,10.366747980753459,2.14895712826428,True,0.0
3,7,15,True,6561,0.01356323930093812,4921,0.05615866962290193,0.07163014966950813,0.9729629334778807,0.09045327804730202,0.2139231481292231,0.19273805084204704,0.13410004436480022,1.3737510186167736,0.13114495764841028,0.3411878904086995,0.0,0.4528628442079521,15.494389849157038,7.949047893299624,9.52552901862775,6.11330949822294,9.595912417820376,2.6985921273203455,2.801298325971493,1.622510744733802,1.4086994727193407,0.90854117511844,9.788164914624994,6.226402549980715,2.14895712826428,True,0.0
3,7,16,False,19036,0.039352205964435,0,0.0029889688866806697,0.0126045114324723,0.1889253157394675,0.0011349973635928503,0.030223297823569528,0.13447378443880137,0.10273499598290298,1.257591970172365,0.06613790544820633,0.42085343084555393,0.010106451780907355,0.0,0.0,0.0,0.0,0.0,0.0,1.0456223197990602,0.9139240261309336,1.1228221459796939,0.0,1.8349807586986773,0.9486317761571678,0.598789230994391,2.14895712826428,False,0.0003977111720518971
3,7,17,True,22629,0.04677984181388945,16972,0.31312912966292633,0.17324917537233733,1.9874072038519777,0.19047138527199392,0.5106712780303748,0.16096236680040796,0.11711206303414881,1.44303948124484,0.1436947480381013,0.47191332627265287,0.0,0.4372321019445272,20.0,20.0,20.0,13.667559179771908,20.0,1.797109115921108,1.779056020483831,1.9205732311617496,1.7681184665262641,2.4287620598451456,18.416889794942975,13.299859860993113,2.14895712826428,True,0.0
3,7,18,True,16773,0.03467401505786238,12580,0.13923254627530268,0.11548543820711665,1.1669343927394866,0.12853694333149723,0.24463040362233673,0.08703637170533486,0.07999866478326648,0.9146742136060437,0.11446844139060672,0.20422085008166757,0.0,0.4914736730315059,20.0,14.181605065185765,11.943911301777254,8.989723822871598,11.245136310920625,0.0,0.0,0.0,0.9310933528188698,0.0,13.604116299744497,9.808219665154528,2.14895712826428,True,0.0
3,7,19,False,21866,0.045202528662446714,0,0.006103220413901705,0.019676448583344025,0.23350363842890948,0.009254681992560201,0.039864977792185854,0.12064183063987646,0.10327523978312,1.0678861067081404,0.06749760339505724,0.2803599104963207,0.004215086720339704,0.0,0.5959554658184194,0.5655732176531659,0.3061558950549181,0.0,0.2476040555334558,0.6532068064823326,0.9464328956140209,0.3067526416290019,0.0,0.20116571427261914,0.45020135409224316,0.27175111924620343,2.14895712826428,False,0.00019053257829085402
4,8,0,False,51858,0.1072035457503504,0,0.0038634301823273374,0.017051257346568725,0.21421290229252776,0.00017930290687502223,0.029700640925195566,0.06297439845006354,0.06408106133569447,0.7135889901712491,0.03009916996633123,0.10178595951989486,0.0,0.0,0.0,0.19249040333522002,0.06564435444616194,0.0,0.0,0.0,0.0,0.0,0.0,0.0,0.048122600833805006,0.0627731542165312,2.14895712826428,False,0.0
4,8,1,True,54356,0.11236754083856003,40767,0.2909039586597543,0.15897479071258655,2.013346421963749,0.18415654789378239,0.5772409706362412,0.15452669699623833,0.11420561474990928,1.4541036489577874,0.15111351461561023,0.46352243196267795,0.0024567688850420204,0.5201678398512665,20.0,20.0,20.0,13.190606960048127,20.0,1.6145277751754152,1.604162115373344,1.9681686491244672,1.9805878015334073,2.3311834005180225,18.297651740012032,15.094963788996647,2.14895712826428,True,0.0002760610780208628
4,8,2,False,5411,0.011185899688671874,0,0.01586437000648565,0.03664598774075049,0.500270166381408,0.012158829235047016,0.1030171419817482,0.06544033750884581,0.06808639224907992,0.7259597647909032,0.03900221411758739,0.20269417067061676,0.0,0.0,3.5012504738375685,2.9772235910943925,3.6321268775567055,0.19982211659996474,3.6393776416090082,0.0,0.0,0.0,0.0,0.0,2.579418455785233,1.4151073535121528,2.14895712826428,False,0.0
4,8,3,False,9927,0.020521608983449582,0,0.009931044124666897,0.028011959935824615,0.315525911913839,0.003306484025287734,0.05059821801476054,0.10097415202174037,0.08273128902055216,1.0034577948293475,0.05904940347928172,0.335275388333399,0.0028088017619163283,0.0,1.7352635988392078,1.7501863576782213,1.328786821144258,0.0,0.8240644373290396,0.09523052107251749,0.0,0.0295973677700381,0.0,0.839784019508601,1.077378598461617,0.6571063237121211,2.14895712826428,False,5.764113147007114e-05
4,8,4,False,18308,0.037847246627278626,0,0.004235827348981248,0.014630256882409466,0.18002292625053426,0.0012227885369148726,0.019836939810728878,0.10655090634667796,0.09404445981815782,1.16319818633921,0.0580841116063737,0.35422212535736913,0.0,0.0,0.040147187493816475,0.0,0.0,0.0,0.0,0.2534442443739762,0.39097585753694675,0.7167625388604014,0.0,1.0601177681085276,0.42613446750486267,0.44497096001386527,2.14895712826428,False,0.0
4,8,5,False,12303,0.02543339934757532,0,0.010531784896295533,0.028939776112798726,0.38476830367619347,0.007143497731238735,0.1010023228977803,0.1475487791810955,0.1161664125329019,1.2376558623233718,0.08034891165508135,0.36333535193181754,0.0,0.0,1.914067247771324,1.8820442831604123,2.1920817312224052,0.0,3.5311658291173518,1.4165627413763544,1.7221520287873004,1.0370617516834049,0.0,1.1660965110682446,1.831819340012272,1.0348996629273748,2.14895712826428,False,0.0
4,8,6,False,14905,0.030812388626807297,0,0.01335383768836663,0.029464064185343218,0.4912592362141483,0.0005429795680585812,0.06118293600831039,0.15266932331319177,0.11398669382181867,1.298472342277324,0.08954198332980391,0.39510264513600024,0.0,0.0,2.7540191214112677,1.956554233855853,3.5197811028012147,0.0,1.392547993946639,1.5618336830862452,1.5909886705775773,1.298679783651801,0.21721350326030026,1.5355219580829662,1.52578033730344,1.1860312277951055,2.14895712826428,False,0.0
4,8,7,True,20029,0.04140498703833098,15022,0.23567618103111979,0.1471673706375929,1.530432053516997,0.13425363967737133,0.35850502283104235,0.1787492717998044,0.13091538017637258,1.3656839140349522,0.14858964925416024,0.31357367830327665,0.0,0.5236926249806452,20.0,18.684128290393677,16.47589918358735,9.421499155845208,17.361109223537543,2.3017274480179473,2.6096629339365154,1.587807979529743,1.9083057059326984,0.5874123781058574,16.366684167444106,13.41377828323206,2.14895712826428,True,0.0
4,8,8,True,14521,0.030018563921494046,10891,0.43326733279048835,0.1984840309821497,2.958831050352123,0.19027886845731184,0.8339229792556335,0.28646824218827904,0.16754674413751774,2.1340474126949065,0.19583893254609788,0.7260401297065864,0.004776458490733061,0.4237187002697501,20.0,20.0,20.0,13.653018611805173,20.0,5.357737876727458,4.813934837699127,4.893125000639329,3.261498813670699,5.384031410418652,18.413254652951295,15.057129174771692,2.14895712826428,True,0.00014338242452243335
4,8,9,False,68254,0.1410982068657568,0,0.0032294929003223952,0.013996588801191485,0.20019044002679492,0.00042848741012885223,0.03407139658932365,0.14144904368678474,0.09658504288999711,1.2614909568795112,0.08104361712931299,0.39014317686213074,0.0,0.0,0.0,0.0,0.0,0.0,0.0,1.2435119294742598,0.5438540274672373,1.1395946594458932,0.0,1.477847740381965,0.8163034243308656,0.8114648777795563,2.14895712826428,False,0.0
4,8,10,True,15345,0.03172197943497873,11509,0.08538289898745671,0.08429656554370604,1.1797321342043823,0.10462625305596406,0.3380555553787438,0.1764366955674181,0.12864254362081298,1.6561959885210544,0.1617457095700511,0.5437626587379629,0.0012078830029167709,0.5068779585940253,20.0,9.749153735292325,12.103469988095584,7.183777585618967,16.26281014789824,2.2361191614007323,2.4728962613501855,2.8375218276126404,2.2850879321191155,3.2643060765513496,13.298935367202382,11.099998253157956,2.14895712826428,True,3.831643977838616e-05
4,8,11,False,47166,0.09750400013230412,0,0.008854287779449398,0.02042037500028869,0.3539194152159963,0.0009804540833160975,0.027030289680293373,0.11812072949614605,0.10203532724449882,1.044620346779999,0.05984431874979967,0.2877128641860791,0.0,0.0,1.4147793356956464,0.671297386388435,1.8074663574401297,0.0,0.0,0.5816826231440935,0.8718218498745106,0.20666887602372275,0.0,0.2866740446883781,0.5215191805210203,0.45421787021455584,2.14895712826428,False,0.0
4,8,12,False,22111,0.04570900536245127,0,0.004837347386508547,0.01621151914305912,0.22516655200081515,0.0008193481308858134,0.021501527674358794,0.10814719551350715,0.1001771043271548,1.18624793416522,0.06393737138564407,0.35967344237182863,0.0,0.0,0.21918277604573164,0.0731498052611167,0.2022114168953915,0.0,0.0,0.2987313124129033,0.7600043218137522,0.8159170717793464,0.0,1.123511750464585,0.5455618461728102,0.6329624341985975,2.14895712826428,False,0.0
4,8,13,False,29659,0.06131262222626485,0,0.00648302058919382,0.02213888916875578,0.2742703795750407,0.008269423727439522,0.07818487040433403,0.07532137897365528,0.07848108356329714,0.8682898308968665,0.09188024005426287,0.18047271032086903,0.00395229392640898,0.0,0.7089986625090341,0.9155264899430131,0.8144243016795212,0.0,2.3056871196862665,0.0,0.0,0.0,0.28417987106973125,0.0,0.9825530680345784,0.6120059362430517,2.14895712826428,False,0.0002423255044370748
4,8,14,True,12716,0.026287174356154415,9537,0.11737700469459927,0.10111228489113752,1.2749641037026478,0.12171591118780867,0.39640395538456075,0.13524846031207854,0.10397377990925431,1.323376565424737,0.14162191256520226,0.41746758166690706,0.0,0.487338618945375,20.0,12.13894378602662,13.290795735402707,8.474539309496066,19.39658338384713,1.067600041448895,0.988467158256326,1.4058118283288539,1.7087536152528384,1.7956063355047818,15.002516619842453,11.989267004434605,2.14895712826428,True,0.0
4,8,15,True,6561,0.01356323930093812,4921,0.05006437253381576,0.06771997526425888,0.9573663861035147,0.09589790232068506,0.25309063475063215,0.24441286576520943,0.15064500650594195,1.5689913904538284,0.14717185786717613,0.39302072194402166,0.0,0.4539086910302455,13.680491727591557,7.393347854708775,9.331075597531411,6.524535548431613,11.699518022795344,4.164617774774126,3.796882198721032,2.4623883877585633,1.867700951756362,1.5113110377220922,9.824473288381823,7.485727308421103,2.14895712826428,True,0.0
4,8,16,False,19036,0.039352205964435,0,0.003252569287313392,0.011908238492510593,0.18446926384921747,0.0006248463899616928,0.01972150942119781,0.1292246210928713,0.09801079878358315,1.1823252660015076,0.06668626117106925,0.3703397706475761,0.00300932985090846,0.0,0.0,0.0,0.0,0.0,0.0,0.8967024232449957,0.6296480934809728,0.7990426863194754,0.0,1.247551688836009,0.6934755513904944,0.6319294431330271,2.14895712826428,False,0.00011842376810787218
4,8,17,True,22629,0.04677984181388945,16972,0.31479274997324824,0.17490795826393293,1.9852768866207817,0.1933648033504685,0.49563136905628297,0.1646171702701375,0.11818039765481698,1.4466280934694777,0.14929537222079342,0.4651736935500427,0.0,0.46321321710022956,20.0,20.0,20.0,13.886095634863995,20.0,1.900796678827597,1.8433424606680835,1.9360105874246956,1.928517217894053,2.350386108351189,18.471523908715998,15.109942277696124,2.14895712826428,True,0.0
4,8,18,True,16773,0.03467401505786238,12580,0.14882841971336463,0.11993813907089661,1.2094229589430658,0.1284421811106635,0.25658987888238016,0.10561387184183145,0.09019823516095893,1.0017720017527478,0.12297520998358832,0.22955148582941268,0.0,0.49802484641739575,20.0,14.81440702883073,12.473646945022473,8.982566544090586,11.887455268804315,0.22686037332002498,0.1595314331247074,0.022345486909128635,1.1747224584292193,0.0,13.921107210431408,11.247730306001436,2.14895712826428,True,0.0
4,8,19,False,21866,0.045202528662446714,0,0.006415764016327665,0.01761954652548492,0.21121833360795475,0.0014999601340307596,0.04602402092589447,0.1193201130161327,0.09835504393898648,1.0263966114610703,0.0624719898031192,0.2616787201026854,0.009329084554601134,0.0,0.6889805095700634,0.2732536343129851,0.028308903756591633,0.0,0.5783936663804828,0.6157093923555238,0.6503628537849245,0.1282747010754036,0.0,0.0,0.38515695256588284,0.3114431609080912,2.14895712826428,False,0.0004216982119737467
