figure_id,stem,title,selection_rule,source_rows_represented,format,path,bytes,sha256,pixel_width,pixel_height
F1,task58_xai_validation_dashboard,XAI validation dashboard,All available Task 56 validation rows,294,png,results/cic_iot_diad_task58_c1_publication_v420/figures/task58_xai_validation_dashboard.png,307764,54004a8e64ab8391481a83b769bccb44a9733e4848abda71aae42789eb8ec45c,3094.0,2164.0
F1,task58_xai_validation_dashboard,XAI validation dashboard,All available Task 56 validation rows,294,pdf,results/cic_iot_diad_task58_c1_publication_v420/figures/task58_xai_validation_dashboard.pdf,30255,e3a97c1773099925ced5062a0a58f84343e1f732f6b78b7fe8b93154e6fbe7bb,,
F2,task58_all_triplet_recovery,All triplet attribution recovery,All twelve Task 57 triplets,12,png,results/cic_iot_diad_task58_c1_publication_v420/figures/task58_all_triplet_recovery.png,140098,9cedd0c309d7db11f87371ec4098b7505e7844ee0eacf04d9944b45e90287b6a,2494.0,1894.0
F2,task58_all_triplet_recovery,All triplet attribution recovery,All twelve Task 57 triplets,12,pdf,results/cic_iot_diad_task58_c1_publication_v420/figures/task58_all_triplet_recovery.pdf,24843,91af7f0a08dc6e39604aa67b702e8203f742482e8c114f7165559c3a27214d5d,,
F3,task58_prediction_state_trajectories,Prediction state trajectories,All twelve Task 57 triplets,12,png,results/cic_iot_diad_task58_c1_publication_v420/figures/task58_prediction_state_trajectories.png,543761,0c5424d3e7d1c9ca3dac397a2629b4c3a4af5d6289af5936c05846c6e4c4d25c,3154.0,1414.0
F3,task58_prediction_state_trajectories,Prediction state trajectories,All twelve Task 57 triplets,12,pdf,results/cic_iot_diad_task58_c1_publication_v420/figures/task58_prediction_state_trajectories.pdf,23991,27f7d8cd5c46c622e1e61a7522fc1d6f00366d5592e7479bda24b256c0a60f3e,,
F4,task58_top10_poison_associated_features,Top ten poisoning associated features,Frozen Task 57 top ten prespecified ranking,10,png,results/cic_iot_diad_task58_c1_publication_v420/figures/task58_top10_poison_associated_features.png,177330,057b0fab934969eac6c1e3cc83a8a4ebae62a716788e551a8fb1a81c951537b3,2794.0,1894.0
F4,task58_top10_poison_associated_features,Top ten poisoning associated features,Frozen Task 57 top ten prespecified ranking,10,pdf,results/cic_iot_diad_task58_c1_publication_v420/figures/task58_top10_poison_associated_features.pdf,25511,84896c6d183549b8e5b49d0fada8e55ffaa0aa21506c30499ad5006e904ff6d3,,
F5,task58_representative_case_waterfall,Deterministic representative case waterfall,Triplet nearest cohort median recovery and probe nearest suspicious median margin,1,png,results/cic_iot_diad_task58_c1_publication_v420/figures/task58_representative_case_waterfall.png,174710,e512875e67654effd0e53624d4788853a18a5d8fde3cfe5824edf38a27862f08,3934.0,1744.0
F5,task58_representative_case_waterfall,Deterministic representative case waterfall,Triplet nearest cohort median recovery and probe nearest suspicious median margin,1,pdf,results/cic_iot_diad_task58_c1_publication_v420/figures/task58_representative_case_waterfall.pdf,29911,d14218e99cfed468a519bbd840689c0b802fac941cb22e7c6b2afa0333561b1f,,
