path,bytes,sha256
results/cic_iot_diad_task55_c2_seed7_v417/common/clean_reference/task55c2_attributions.npz,119458,dfbc423a8ce424556c44e1255485fda8a69210575b93763a249d25aed7bf7cde
results/cic_iot_diad_task55_c2_seed7_v417/families/B_hash_ranked/reconstructed/task55c2_attributions.npz,119522,dcba5e39bd9231952a64e23f50fc7c23109aa8436598ed0ab6d04bccda732ce1
results/cic_iot_diad_task55_c2_seed7_v417/families/B_hash_ranked/suspicious/task55c2_attributions.npz,119501,93cfb52e454b02b152650499d7169e5414354fffa4469fe9be0ca223b865a6d8
results/cic_iot_diad_task56_c2_summary_v418/tables/task56c2_background_sensitivity.csv,5935,1967f42847f5674cd204e4da9c3d4d825690fff5b3874acc72a92af64d19cd3d
results/cic_iot_diad_task56_c2_summary_v418/tables/task56c2_class_specificity_state_summary.csv,2791,3ec7992169c5f05286ee578bb52a3877e9ad90acf76b5f5c171e642202bf3a64
results/cic_iot_diad_task56_c2_summary_v418/tables/task56c2_cross_seed_consistency.csv,5497,f49f8237dc8dc2e9ea8381c4f6d56ae95c8104ee419c1b66da18b7ff87c685f3
results/cic_iot_diad_task56_c2_summary_v418/tables/task56c2_faithfulness_state_summary.csv,5764,4aedbf0f983f394ff0b920b5ae919100dc9f5e590098f2d4b0615a21d29f0ecb
results/cic_iot_diad_task56_c2_summary_v418/tables/task56c2_probe_size_sensitivity.csv,6117,4a3b953c486dc050d74885ab5f1d10fabb9d4f67bcd023ab0f55508a24eeab9a
results/cic_iot_diad_task56_c2_summary_v418/tables/task56c2_repeated_run_stability.csv,10740,f815b293618ddd26cb6e3ae6e16b9b57d4ebb0bb121c04ecfa11eece9b6a9d5f
results/cic_iot_diad_task57_c2_summary_v419/tables/task57c2_feature_association.csv,12423,07800007537724d1d2ced002c851f7cab760fb5123c8e969a7f8a3e8ea1b3320
results/cic_iot_diad_task57_c2_summary_v419/tables/task57c2_state_coverage.csv,379,e6a87346b0d5c6c391480559fd5f6f0e69ec59dae027abe8db5ac65fd10b6961
results/cic_iot_diad_task57_c2_summary_v419/tables/task57c2_top10_prespecified_features.csv,2047,ddc5d202fa7c25c4e4d84f2c640129e7b7b1e43c6d8bc79d79bd9cea81535867
results/cic_iot_diad_task57_c2_summary_v419/tables/task57c2_triplet_recovery_metrics.csv,4907,5c699224a87afa7b52b04acf97abfe0028fd83001ab3006cdb21f6896c8f64b4
results/cic_iot_diad_task57_c2_summary_v419/task57c2_attribution_recovery_decision.json,2344,53b66c9bcda06cb5d597369209f3f95adcc70bb98bf0a70d2118790b8dc35d4b
