monitoring_round,global_round,client_id,actual_malicious,client_samples,aggregation_weight,poisoned_rows,hist_js,hist_l1,hist_fro,hist_diag_loss,hist_offdiag_growth,cons_js,cons_l1,cons_fro,cons_diag_loss,cons_offdiag_growth,source_target_growth_from_profile,source_diagonal_loss_from_profile,z_hist_js,z_hist_l1,z_hist_fro,z_hist_diag_loss,z_hist_offdiag_growth,z_cons_js,z_cons_l1,z_cons_fro,z_cons_diag_loss,z_cons_offdiag_growth,candidate_max_anchor_absolute,candidate_max_anchor_absolute_ema,clean_ema_threshold,instant_threshold,ema_ratio,instant_ratio,policy_ratio,flagged,harm_weight
1,5,0,False,51858,0.1072035457503504,0,0.0031710387020771028,0.014681736876694548,0.19955619198610486,0.0006559172686157314,0.034837955682595005,0.08433291397309153,0.0797490991716393,0.8153040741680693,0.0414664608953652,0.13782116421376928,0.0,0.0,0.0,0.07623804500076703,0.0,0.0,0.2555772092508149,0.0,0.0,0.0,0.0,0.0,0.08295381356289548,0.029033834747013418,3.1674867457807268,4.548035456423376,0.009166205599972325,0.018239482598082304,0.018239482598082304,False,0.0
1,5,1,True,54356,0.11236754083856003,27178,0.21266299453526705,0.13124891594220167,1.7106261403309098,0.15261802059748625,0.5226623535119936,0.12651441410879102,0.09966287686775349,1.262097366171452,0.12181407351924235,0.42698058160727176,0.00151001120631028,0.3144288416176513,20.0,17.420101809287804,11.910956808150386,10.05639550039447,20.0,0.5730926645984475,0.6320077330605379,0.7773557702965368,1.0984334311115205,1.536546758700125,16.869124327420568,5.904193514597199,3.1674867457807268,4.548035456423376,1.8639994381861018,3.7091013227690683,3.7091013227690683,True,0.0001696762458917537
1,5,2,False,5411,0.011185899688671874,0,0.019587391426440715,0.04271598432608481,0.570755470553143,0.01649477522602331,0.13981770397236923,0.06282284852499265,0.06659349136582716,0.7688317971773398,0.03977115925395896,0.22664780847079175,0.0,0.0,4.98282818443591,4.2474136056900615,2.867823973510482,0.4096635353287728,5.770579907950564,0.0,0.0,0.0,0.0,0.0,3.852621308351327,1.3484174579229644,3.1674867457807268,4.548035456423376,0.42570579331362113,0.8470957065451442,0.8470957065451442,False,0.0
1,5,3,False,9927,0.020521608983449582,0,0.003775153785221691,0.01524711725843379,0.2169537044747431,0.0003435962218476668,0.02429782834967496,0.1101292460099572,0.08410980604330545,1.0825021646225244,0.06504445567079467,0.3707079213964849,0.0,0.0,0.04690817457559385,0.16036018293442506,0.06094732284541466,0.0,0.0,0.17118081772350832,0.0,0.15052225238473457,0.0,1.0066737605682285,0.2944636445729342,0.10306227560052697,3.1674867457807268,4.548035456423376,0.03253755544133272,0.06474523943234682,0.06474523943234682,False,0.0
1,5,4,False,18308,0.037847246627278626,0,0.003942698811612005,0.017866838744607656,0.21779722092995848,0.00422768709355148,0.036928714695277004,0.07489411111491306,0.07885258228046504,0.9587487586772269,0.053857822400217,0.2956173162694572,0.0,0.0,0.09920873235096819,0.5501447940129984,0.0676393376107428,0.0,0.3654130755499457,0.0,0.0,0.0,0.0,0.2996077729082122,0.2536916504784781,0.08879207766746733,3.1674867457807268,4.548035456423376,0.028032343871917838,0.055780490919475796,0.055780490919475796,False,0.0
1,5,5,False,12303,0.02543339934757532,0,0.008265163775877195,0.023451468955577107,0.3602337256081368,0.0058097470678350905,0.06629282945858693,0.11452597162492542,0.10390802770622458,1.0688981745850088,0.08060664255040731,0.28159286446759324,0.0,0.0,1.448501716249728,1.3810739314380702,1.197655458262134,0.0,1.9080265300761823,0.27902811605180555,0.8586308141240369,0.10304082270672713,0.0,0.1675511348254536,1.184400544440995,0.41454019055434826,3.1674867457807268,4.548035456423376,0.13087353596871068,0.26042025304974653,0.26042025304974653,False,0.0
1,5,6,False,14905,0.030812388626807297,0,0.010945471783799161,0.019229116241421457,0.4535841064547439,0.0005411035298910015,0.0077499077428931475,0.1515719317247279,0.11782039171365022,1.251000938768917,0.09757573360660285,0.36642925011733884,0.0,0.0,2.2851819021333335,0.752836113330375,1.9382481557869125,0.0,0.0,1.1877286037829404,1.6013282861825902,0.7386263801736661,0.4234024089868469,0.9663850596216299,1.044711089643502,0.36564888137522567,3.1674867457807268,4.548035456423376,0.11543817250768006,0.2297060125527416,0.2297060125527416,False,0.0
1,5,7,True,20029,0.04140498703833098,10015,0.15432622602668672,0.11842758618700336,1.2348789289956732,0.11188595688627867,0.2749214940814501,0.12790740904235154,0.112586781401947,1.1285804943731748,0.13514226000565144,0.2558766981729376,0.0,0.4170390637414925,20.0,15.512434502470734,8.13662929724704,7.169810627004629,12.868118044539175,0.6072614423038522,1.3219372965443876,0.31134749319291644,1.4696197161217979,0.0,13.887590793503634,4.8606567777262715,3.1674867457807268,4.548035456423376,1.534546840393553,3.053536175468822,3.053536175468822,True,0.0
1,5,8,True,14521,0.030018563921494046,7261,0.30892002817547953,0.16131817087789702,2.4788320414952776,0.13583863446450134,0.6861733804584388,0.2067021357679354,0.13835045487869355,1.7686347369656354,0.15137681066243489,0.5981599452151196,0.0021854593452175775,0.184929348219882,20.0,20.0,18.005497349261105,8.867280150392835,20.0,2.54001757585487,2.6973049301046275,2.545301680600891,1.9217474345662715,3.1484009392816485,17.21682003759821,6.025887013159373,3.1674867457807268,4.548035456423376,1.9024190144398232,3.7855509708663755,3.7855509708663755,True,6.560435105224037e-05
1,5,9,False,68254,0.1410982068657568,0,0.003888646570946668,0.01384240667240228,0.22815545037635068,0.0009704112248847573,0.04109581963738028,0.12383514018897421,0.09705228408948299,1.1995929442200695,0.09386588716169418,0.36577147920812125,0.0,0.0,0.08233588093477529,0.0,0.14981606809339096,0.0,0.5843276316987072,0.5073727450405838,0.4926438797311578,0.5591992362749141,0.320084217779932,0.9601913761802301,0.570073054682976,0.19952556913904157,3.1674867457807268,4.548035456423376,0.06299176134038162,0.12534490114360006,0.12534490114360006,False,0.0
1,5,10,True,15345,0.03172197943497873,7673,0.06646879534074498,0.07820119551769839,1.0781156214256795,0.0827360231359969,0.28747667701462887,0.1601956660855655,0.12275408605308522,1.5501352157808894,0.1411670985070482,0.5261944801290106,0.0076392265221018815,0.3436806728082306,19.617243940226338,9.527207399176609,6.892951877045195,5.104023869415744,13.527691618368124,1.3992602147506545,1.8647085651813424,1.7826820652379187,1.637409791943499,2.470761805032522,11.944041706796703,4.180414597378846,3.1674867457807268,4.548035456423376,1.3197891365914622,2.6261980191749927,2.6261980191749927,True,0.00024233138663325998
1,5,11,False,47166,0.09750400013230412,0,0.00824569545255472,0.02229720309625212,0.36308822382738787,0.006020229871959168,0.05219132018904001,0.10582553526314292,0.09331691626356226,1.0409430782870015,0.05701202253771411,0.3411387790513299,0.0,0.0,1.4424245190290552,1.2093323659957942,1.2203015419428052,0.0,1.1672182985435284,0.06561508142869671,0.29323504884954427,0.005470335272132652,0.0,0.7282456562645203,0.9547437958920946,0.3341603285622331,3.1674867457807268,4.548035456423376,0.10549699347830066,0.2099244399125497,0.2099244399125497,False,0.0
1,5,12,False,22111,0.04570900536245127,0,0.0036526782572126773,0.013149321309953017,0.20617639650503078,0.0006432876058847154,0.016546068358684503,0.10161155688183404,0.09149900464190591,1.1796096601368589,0.06140113406845885,0.3879332606901684,0.0,0.0,0.008676431343881802,0.0,0.0,0.0,0.0,0.0,0.19618767680627452,0.4894524270435034,0.0,1.1688705030217452,0.3412645449570049,0.11944259073495171,3.1674867457807268,4.548035456423376,0.03770894728890533,0.07503559464889903,0.07503559464889903,False,0.0
1,5,13,False,29659,0.06131262222626485,0,0.007115035022209719,0.011975964417783445,0.2514981352944691,0.000510979390688864,0.02289926304491673,0.072476442971343,0.08367303825616099,0.8372902657833114,0.08519666748158528,0.20681553714112963,0.0,0.0,1.0894795678382687,0.0,0.3350046215218651,0.0,0.0,0.0,0.0,0.0,0.07864886194371704,0.0,0.2723698919595672,0.09532946218584851,3.1674867457807268,4.548035456423376,0.030096246594506763,0.05988737215645231,0.05988737215645231,False,0.0
1,5,14,True,12716,0.026287174356154415,6358,0.08112247765926572,0.0809935638907914,1.040634708857001,0.090214904054463,0.3193992195977359,0.1133354194799464,0.09096405125237657,1.1495458094928437,0.1121656840400304,0.37199955360031445,0.0,0.3882484871788945,20.0,9.942679893500356,6.595598080593737,5.634034444921842,15.204709437169102,0.24982505823126988,0.16762973152389568,0.3845218437170384,0.8297284688293018,1.0188359904283992,12.695355943897825,4.443374580364239,3.1674867457807268,4.548035456423376,1.4028076317235005,2.7913933533582407,2.7913933533582407,True,0.0
1,5,15,True,6561,0.01356323930093812,3281,0.011859199338510113,0.033937922608965006,0.4396371462489612,0.03791230452199289,0.12394120676137041,0.18762376244346626,0.12967386146840554,1.3590504362282119,0.09979087167418892,0.369756319623218,0.0,0.11493030770948842,2.5704094722719026,2.941338364299239,1.8276003278145347,1.9274731049460028,4.936524517353992,2.0720440883718396,2.234113772335803,1.1157469603276995,0.48509338779559585,0.9977133154295088,3.093936364717784,1.0828777276512245,3.1674867457807268,4.548035456423376,0.34187285206281587,0.680279737122122,0.680279737122122,False,0.0
1,5,16,False,19036,0.039352205964435,0,0.0028352815015137848,0.009788188597058222,0.15406659790923477,0.0003291287769351895,0.019456523384459322,0.1230194147192419,0.09888551715379358,1.1919614337709623,0.07072953817339737,0.39614241844596915,0.004259829149812988,0.0,0.0,0.0,0.0,0.0,0.0,0.4873638120772183,0.5905091714839409,0.5325632988972038,0.0,1.246169337232004,0.5810105801982908,0.20335370306940176,3.1674867457807268,4.548035456423376,0.06420033275286172,0.127749791259368,0.127749791259368,False,0.00016763367407674474
1,5,17,True,22629,0.04677984181388945,11315,0.20956884044630056,0.13641029241675723,1.566213015891086,0.1420653403747749,0.4221378695395268,0.12168375123026505,0.0917835263715146,1.1702341169375237,0.11394774901732176,0.39206763683519985,0.0,0.31970140947485054,20.0,18.18805562895244,10.765259228591365,9.308552049088632,20.0,0.4546013175809723,0.2113765813816086,0.4567293660970655,0.8793584825781506,1.2078004962932,16.87415191951027,5.905953171828593,3.1674867457807268,4.548035456423376,1.8645549755482513,3.710206765358044,3.710206765358044,True,0.0
1,5,18,True,16773,0.03467401505786238,8387,0.08575582550463642,0.0887219117384477,0.9486537788727141,0.10757378357006797,0.21383565411386246,0.07803941012578738,0.08126336285499844,0.8882729436768247,0.11488957378016183,0.22846028825665704,0.0,0.4102593261606766,20.0,11.092569710405387,5.865869884092472,6.864217118306857,9.659036504891377,0.0,0.0,0.0,0.9055880401556784,0.0,11.903955833400904,4.1663845416903165,3.1674867457807268,4.548035456423376,1.3153597397811305,2.6173841315569475,2.6173841315569475,True,0.0
1,5,19,False,21866,0.045202528662446714,0,0.0030403117007157575,0.015678738327940308,0.18782277478347575,0.0020201981948680036,0.037633926443104676,0.09437497947346936,0.08034380856207374,0.8561769325485638,0.05439652682888946,0.22856662175509584,0.002907443029245546,0.0,0.0,0.22458046421197095,0.0,0.0,0.4024606466842272,0.0,0.0,0.0,0.0,0.0,0.15676027772404955,0.054866097203417334,3.1674867457807268,4.548035456423376,0.017321650130502395,0.03446769033048118,0.03446769033048118,False,0.0001314237768639027
2,6,0,False,51858,0.1072035457503504,0,0.006805531186474896,0.023674824937232483,0.3098054354500108,0.003010407771398897,0.07286695535548474,0.08912216679317912,0.08611702185869193,0.8808303334316414,0.05205231629772657,0.18165752391840076,0.0,0.0,0.9928654003437397,1.4143067483237945,0.7975839952315019,0.0,2.253391447154336,0.0,0.0,0.0,0.0,0.0,1.1651408989554675,0.4266713072199723,3.1674867457807268,4.548035456423376,0.13470342308087724,0.25618553551729495,0.25618553551729495,False,0.0
2,6,1,True,54356,0.11236754083856003,27178,0.20514994495052674,0.12935474691003815,1.6540820465747952,0.1476544455725764,0.48800684224596963,0.11065830819053582,0.09307482597763728,1.1758877840905932,0.12799006635508464,0.3860242749749774,0.0017071783414141489,0.3261311809175099,20.0,17.138271109568173,11.46236578426645,9.704638695572964,20.0,0.18415818584237242,0.28031130395108944,0.47646212087055834,1.270433113088061,1.1508951668547633,16.710727451285283,9.686480392438028,3.1674867457807268,4.548035456423376,3.058096582516398,3.6742737851095777,3.6742737851095777,True,0.00019183143199755955
2,6,2,False,5411,0.011185899688671874,0,0.012135823496377957,0.030386518662570455,0.41298047356645146,0.0037631692598015173,0.07805121253094724,0.06142650156246528,0.06814441783817858,0.7529045583682119,0.04156234671297473,0.22823625998268365,0.0,0.0,2.6567599779379294,2.4129300532119142,1.6161203429453297,0.0,2.5257410458074907,0.0,0.0,0.0,0.0,0.0,1.8988577692393336,1.5410715668836934,3.1674867457807268,4.548035456423376,0.4865281816684754,0.41751164594759244,0.4865281816684754,False,0.0
2,6,3,False,9927,0.020521608983449582,0,0.004130096535878471,0.013946520197142721,0.2346019984347654,0.0,0.01690250350239435,0.11698775050654173,0.08741809042723066,1.1256744390272244,0.06981758349410898,0.3813389590337401,0.0,0.0,0.15770647302480653,0.0,0.20095958109254553,0.0,0.0,0.3394130990400821,0.0,0.3012046114230369,0.0,1.106777430183365,0.3615476323058618,0.19353215044739416,3.1674867457807268,4.548035456423376,0.06109959282550749,0.07949534161947513,0.07949534161947513,False,0.0
2,6,4,False,18308,0.037847246627278626,0,0.0071794103297350975,0.017428462348396973,0.23313641897891582,0.0,0.03389094278999159,0.09737622522545225,0.09442109688992927,1.1569945403485244,0.06796195836770438,0.3822118486933666,0.0,0.0,1.1095748494654003,0.4849193973420841,0.18933244649704714,0.0,0.20582686460343674,0.0,0.352180614064852,0.4105198332288714,0.0,1.1149967085905368,0.45008027785273025,0.21524294773230934,3.1674867457807268,4.548035456423376,0.06795385900794225,0.09896147076361586,0.09896147076361586,False,0.0
2,6,5,False,12303,0.02543339934757532,0,0.007947760199359142,0.017820725007246865,0.3291714106554994,0.0012564920858363852,0.02579715137445342,0.12459401153569974,0.1082537410136213,1.1093627141203268,0.0851127214280597,0.28081838247772295,0.0,0.0,1.3494215797070859,0.5432835970203337,0.9512234307384437,0.0,0.0,0.5259871030174567,1.0906223208134875,0.24427248952659184,0.07631098771144952,0.16025847987659333,0.4731762941818549,0.43506282682397557,3.1674867457807268,4.548035456423376,0.13735269055300833,0.10403971092915926,0.13735269055300833,False,0.0
2,6,6,False,14905,0.030812388626807297,0,0.013492621121369197,0.02556616428427015,0.505087967673099,0.0008690138241545153,0.03353221293577915,0.16564274153706848,0.12134941393206121,1.3574201362407492,0.10612578115536198,0.4164795187124768,0.0,0.0,3.0802955140512687,1.6957164232428608,2.346852632455524,0.0,0.1869813620535081,1.5328715479744204,1.789721565646337,1.1100567933990781,0.661518854125227,1.4376669535017559,1.3554447303119352,0.712077428503074,3.1674867457807268,4.548035456423376,0.22480833722559432,0.29802861989512097,0.29802861989512097,False,0.0
2,6,7,True,20029,0.04140498703833098,10015,0.15270792727529758,0.11856460003686986,1.236240734876298,0.11097335420112567,0.2963933122527772,0.12675540260405718,0.11331603816264282,1.1493641519854123,0.1449954213013705,0.28548799454570195,0.0,0.37154883197014443,20.0,15.532820597124099,8.14743314701702,7.105136636384979,13.996117845357842,0.5790038722603896,1.3608679306451998,0.38388781222033785,1.7440275165149317,0.2042283461900864,14.15851876971673,8.114908474922931,3.1674867457807268,4.548035456423376,2.5619392048703764,3.1131065061773158,3.1131065061773158,True,0.0
2,6,8,True,14521,0.030018563921494046,7261,0.31504561954093696,0.16256502272051798,2.49922048339107,0.13785812857912755,0.6876036010654673,0.20232135326458645,0.13764449929412795,1.7673509982452718,0.1645105316553745,0.5932893704558776,0.0021358287562639917,0.18716954172666717,20.0,20.0,18.167248496337233,9.010396914731388,20.0,2.4325613461684803,2.659618205708785,2.5408211017701365,2.2875179096944445,3.1025387738777392,17.252599228682847,9.95523628859259,3.1674867457807268,4.548035456423376,3.1429448921462835,3.793417926044595,3.793417926044595,True,6.411451204527576e-05
2,6,9,False,68254,0.1410982068657568,0,0.00557349100833409,0.016483016211933155,0.2561609251720766,0.0005848739360267668,0.04144235503802994,0.12852598435463394,0.10143413420994456,1.2174750275172388,0.09811414352284106,0.36475702027997486,0.0,0.0,0.6082739271935648,0.344247819641083,0.3719967376989045,0.0,0.6025325112198752,0.622434478350297,0.7265645136125931,0.6216123134845678,0.4383969753387619,0.9506390573148149,0.6845087561541167,0.36926968459431786,3.1674867457807268,4.548035456423376,0.1165812880152399,0.15050646871878648,0.15050646871878648,False,0.0
2,6,10,True,15345,0.03172197943497873,7673,0.06587348246403656,0.07780631252876978,1.0663226388293818,0.08273885208398227,0.2812439639951194,0.1540556842213683,0.12065901890161919,1.5288890520409935,0.15087414670601446,0.5139049784251745,0.006721279667139254,0.34592309360079,19.43141213027347,9.468453324335668,6.799392571623547,5.104224350258553,13.200262474339933,1.248652577652701,1.7528655256837973,1.7085274806813768,1.9077483832487854,2.3550417539639135,11.801088069801906,6.847650312726918,3.1674867457807268,4.548035456423376,2.1618560272898946,2.594766066112072,2.594766066112072,True,0.0002132122953777321
2,6,11,False,47166,0.09750400013230412,0,0.010026936288688063,0.020361827395178677,0.4067283624397858,0.0006668647434202256,0.008562035361552933,0.10076547613652696,0.09104359661208354,0.9724822212979649,0.052504904834743155,0.3047135156314279,0.0,0.0,1.9984534938613026,0.9213705849762353,1.5665193900351273,0.0,0.0,0.0,0.1718761800452846,0.0,0.0,0.3852591426760298,0.7299560197093844,0.47268882046373606,3.1674867457807268,4.548035456423376,0.14923150699632273,0.1604991928280677,0.1604991928280677,False,0.0
2,6,12,False,22111,0.04570900536245127,0,0.008557389433247325,0.025799868291770597,0.33607601103824386,0.0005952330836866315,0.05176344825758643,0.08387997974282643,0.08357974925285595,1.0118123437609785,0.059417603060551896,0.3098390355206718,0.0,0.0,1.5397223582825663,1.7304889080859382,1.0060008893456007,0.0,1.1447404883457855,0.0,0.0,0.0,0.0,0.43352191505119714,1.1037379386785726,0.463945962515219,3.1674867457807268,4.548035456423376,0.14647131929856425,0.24268455012146364,0.24268455012146364,False,0.0
2,6,13,False,29659,0.06131262222626485,0,0.00599250252693818,0.01185293622694125,0.22645559926165423,0.0015244222270711805,0.022681321270392102,0.07033143341876855,0.08285569688206816,0.8398923793631194,0.0917602444322028,0.2095095365965977,0.0,0.0,0.7390718184198213,0.0,0.13633034568919253,0.0,0.0,0.0,0.0,0.0,0.2614426536694811,0.0,0.18476795460495532,0.1266329345325359,3.1674867457807268,4.548035456423376,0.03997899429294162,0.04062588262015416,0.04062588262015416,False,0.0
2,6,14,True,12716,0.026287174356154415,6358,0.07529771653279493,0.07698994601604767,0.9873906590992824,0.08609590218855576,0.2945165830953719,0.09938881511329467,0.08407920438697546,1.0782871814707453,0.11530065071086378,0.33142165834937,0.0,0.4164739663155239,20.0,9.346987319136884,6.173187865663739,5.342130539342885,13.897525816548159,0.0,0.0,0.13581087538700987,0.9170364182914641,0.636747584904993,12.146660918756982,7.139524798801698,3.1674867457807268,4.548035456423376,2.2540030540970544,2.6707489497694565,2.6707489497694565,True,0.0
2,6,15,True,6561,0.01356323930093812,3281,0.011284774097907783,0.028022607438721595,0.3946598759887857,0.0437409210467597,0.10951133058443122,0.20552324868281624,0.13564418649344168,1.4442924633425411,0.11509986355788897,0.4298380694817401,0.0,0.1068562651124263,2.3910979096966716,2.0612070849974793,1.4707743823048,2.3405333518431553,4.178465869336881,2.511100650329341,2.552833531328276,1.413263593674117,0.9114445519511704,1.5634533535100825,2.742826053968547,1.6638596418622873,3.1674867457807268,4.548035456423376,0.5252933241405487,0.603079303195568,0.603079303195568,False,0.0
2,6,16,False,19036,0.039352205964435,0,0.003691745927347289,0.012752884828179394,0.18097407391254106,0.0003746699274744824,0.02532211504067583,0.12694088143150029,0.09938921929142386,1.1893161428377517,0.07449973384783742,0.388879873597087,0.0,0.0,0.020871725844982265,0.0,0.0,0.0,0.0,0.5835534830818472,0.617398800312573,0.5233305521018341,0.0,1.1777839721412153,0.5946840638839088,0.3403193293544792,3.1674867457807268,4.548035456423376,0.10744143753965317,0.1307562506013475,0.1307562506013475,False,0.0
2,6,17,True,22629,0.04677984181388945,11315,0.21906012938221212,0.13983586307754148,1.6143342686995603,0.1398047493168487,0.4482211141629402,0.12751542160196194,0.0959728717011073,1.2343908314712788,0.12330430453026196,0.413463557654128,0.0,0.3238746544854106,20.0,18.697741385542574,11.147027873801933,9.148349315463461,20.0,0.5976463809771407,0.43502054183348465,0.6806528268689332,1.1399359501039983,1.4092681480738585,16.96152267525151,9.775402498026613,3.1674867457807268,4.548035456423376,3.0861699772060636,3.7294174238013156,3.7294174238013156,True,0.0
2,6,18,True,16773,0.03467401505786238,8387,0.09031114638437798,0.09292844844145101,0.992034326029585,0.10581193706903894,0.23332186387430162,0.07544443456892046,0.08124811621874622,0.9100873860006297,0.12078808094534964,0.247313370363057,0.0,0.4015749817884599,20.0,11.718454286846605,6.210028270460486,6.739359230055398,10.68272441772208,0.0,0.0,0.0,1.0698598234163017,0.0,12.28513448365602,7.007947021378312,3.1674867457807268,4.548035456423376,2.212462934758385,2.701195846286823,2.701195846286823,True,0.0
2,6,19,False,21866,0.045202528662446714,0,0.005117320697074993,0.018889829266831543,0.21628692478508404,0.0028222681625768966,0.048102481786583794,0.09731345125871152,0.08484010381098017,0.9012070557613232,0.06318906853373318,0.2407976363338799,0.004127124656484037,0.0,0.46587661326890506,0.7023540899044016,0.055657444383849876,0.0,0.9524153942552759,0.0,0.0,0.0,0.0,0.0,0.5301615243571456,0.22121949670722224,3.1674867457807268,4.548035456423376,0.06984070162310836,0.11656934723505219,0.11656934723505219,False,0.0001865564705782102
3,7,0,False,51858,0.1072035457503504,0,0.004433554514652875,0.015668242195783007,0.21245020489100305,0.00120278202549028,0.022508978631526698,0.07814354946738306,0.0780119208294583,0.7895487658055695,0.04419309474578624,0.12636124855538294,0.0,0.0,0.2524333765517178,0.22301875972836255,0.025218931865368808,0.0,0.0,0.0,0.0,0.0,0.0,0.0,0.1188630340700201,0.3189384116174891,3.1674867457807268,4.548035456423376,0.10069131687522712,0.02613502801569961,0.10069131687522712,False,0.0
3,7,1,True,54356,0.11236754083856003,27178,0.20516137856232416,0.129537614988404,1.6546427496187655,0.14919533465843576,0.49176613005041236,0.11679666130621583,0.09436042750786913,1.199505585766182,0.12937615740159467,0.39773556147051087,0.0009635719437763729,0.3198294272887859,20.0,17.165479789262065,11.466814106555853,9.813837855192006,20.0,0.3347258713621247,0.34894184050606897,0.5588943327669289,1.3090353630464258,1.2611706445756548,16.744829411113518,12.15690254897445,3.1674867457807268,4.548035456423376,3.8380279144555662,3.6817719588056668,3.8380279144555662,True,0.00010827420974318225
3,7,2,False,5411,0.011185899688671874,0,0.020762338107623988,0.041991159908638005,0.5488929587105138,0.006377092339378833,0.12071034612956928,0.06728244703674552,0.06928842277120932,0.7664380506646993,0.04026292904944978,0.19836273602260326,0.0,0.0,5.349597453008854,4.139568017849581,2.69437833276044,0.0,4.766794589498548,0.0,0.0,0.0,0.0,0.0,3.563990015089246,2.249093023755637,3.1674867457807268,4.548035456423376,0.7100560173618902,0.7836328562600974,0.7836328562600974,False,0.0
3,7,3,False,9927,0.020521608983449582,0,0.006242564188028233,0.01957786071410142,0.286835429416575,0.001257599124707326,0.02971235402616157,0.11491469504733148,0.08951248237912393,1.089879079441037,0.06918469888630428,0.3583079771546298,0.0,0.0,0.8171306222829628,0.8047253043633869,0.615352079558702,0.0,0.0,0.2885631142697297,0.09013919633460654,0.1762695854267266,0.0,0.8899137636622955,0.4054639816615874,0.2677082913723618,3.1674867457807268,4.548035456423376,0.08451757271880128,0.08915145573215225,0.08915145573215225,False,0.0
3,7,4,False,18308,0.037847246627278626,0,0.0072277137721281914,0.02223811410011526,0.25926256872263787,0.00024267088227002305,0.03814704736674903,0.08330100273915717,0.08206423557293283,1.0171183015440617,0.05473246180946152,0.31166679410586773,0.0,0.0,1.1246531662263182,1.2005405988175712,0.39660354211724963,0.0,0.4294169246784046,0.0,0.0,0.0,0.0,0.4507324026622559,0.6886526724305735,0.3809363513767018,3.1674867457807268,4.548035456423376,0.12026454471644775,0.1514176129515352,0.1514176129515352,False,0.0
3,7,5,False,12303,0.02543339934757532,0,0.013043725312998862,0.029986785191359985,0.4489246563118309,0.006484213728737755,0.09436129882729395,0.1322496526693797,0.11078241385784832,1.1554854307981148,0.08367426860481597,0.31688740335232135,0.0,0.0,2.9401689960243904,2.3534542820533457,1.901282535303881,0.0,3.382574591379439,0.7137723517551894,1.2256129613737925,0.4052526521447496,0.03625047684098382,0.4998905526969546,2.1690494673642937,1.0419581510130869,3.1674867457807268,4.548035456423376,0.3289542260598358,0.47692008739748426,0.47692008739748426,False,0.0
3,7,6,False,14905,0.030812388626807297,0,0.015127127363015266,0.02548358927883073,0.5274195457343163,0.0009311964319747798,0.02019089438970975,0.157311706702328,0.11797201623939967,1.2991442079010487,0.09905101667185012,0.3919662745837006,0.0,0.0,3.590520078558916,1.683430206349238,2.524019597242933,0.0,0.0,1.328519564728773,1.609422608033002,0.9066587913605951,0.46448863184890765,1.2068460519875972,1.3184875712270385,0.9243209784564616,3.1674867457807268,4.548035456423376,0.29181526321703155,0.28990265882049904,0.29181526321703155,False,0.0
3,7,7,True,20029,0.04140498703833098,10015,0.16004105381897177,0.1212851153598745,1.2590582243048056,0.11360455261610564,0.2849072132190007,0.13724463527305222,0.1179426237694035,1.1824405515560092,0.14772564918667247,0.27591334051654803,0.0,0.37849336195577726,20.0,15.937602178947673,8.328455076369071,7.291603435548868,13.392707490496282,0.8362942978982438,1.6078535207698985,0.4993329673462961,1.8200636034206863,0.11407176540112769,14.155478276248203,10.229107905386776,3.1674867457807268,4.548035456423376,3.229408274245356,3.1124379772052664,3.229408274245356,True,0.0
3,7,8,True,14521,0.030018563921494046,7261,0.3157550903293894,0.16375465637902217,2.506628579812398,0.1407261847772236,0.6953199615724214,0.21692746293633508,0.14120882011928276,1.8175214242981312,0.16814617788857075,0.6089577296539226,0.0015366756409463042,0.2000733422808756,20.0,20.0,18.226020427018593,9.213649263940939,20.0,2.790834662525132,2.849895865568404,2.7159288128148567,2.388769645651758,3.2500747253144926,17.303412315985234,12.527097898180013,3.1674867457807268,4.548035456423376,3.9549014419292594,3.804590461480884,3.9549014419292594,True,4.6128795954349465e-05
3,7,9,False,68254,0.1410982068657568,0,0.019347864748801694,0.02116368887310501,0.5236725841876426,0.0007116885398266841,0.034599031438714366,0.10920147393785692,0.09439731370320359,1.0891329410271087,0.06865473828096882,0.34327177688202515,0.0,0.0,4.908057962290256,1.040678406804613,2.4942931801227664,0.0,0.24302557075622275,0.14842349325008097,0.35091097271207916,0.17366537015361228,0.0,0.7483303288448772,1.547940484962773,0.7818044647232771,3.1674867457807268,4.548035456423376,0.2468217004426886,0.3403536537465981,0.3403536537465981,False,0.0
3,7,10,True,15345,0.03172197943497873,7673,0.07412676787529404,0.08279543119138169,1.1286708654768627,0.09017075638681565,0.3003338672349583,0.16985196123422447,0.1267844438312948,1.6059801488646275,0.15906103876209898,0.5359215492546086,0.006529087797199826,0.3887701007099933,20.0,10.210777150663965,7.294030525319934,5.6309058042880205,14.203130833244959,1.6361195129743487,2.0798651361113523,1.977595267598128,2.1357510489660556,2.5623535524514365,12.511203447049237,8.829893909739729,3.1674867457807268,4.548035456423376,2.7876656221219087,2.7509027946075384,2.7876656221219087,True,0.00020711558883194348
3,7,11,False,47166,0.09750400013230412,0,0.010493865254233722,0.021262080442217626,0.39677163337100246,0.0009446370070536016,0.014405497085993254,0.10330980726277988,0.09255642496526059,0.9876064875532395,0.054477299418132015,0.31231579855224095,0.0,0.0,2.1442092101940933,1.0553179475735004,1.487527951835316,0.0,0.0,0.003906780313807972,0.25263699057061295,0.0,0.0,0.45684353958936336,0.7998817894418984,0.5872063596060928,3.1674867457807268,4.548035456423376,0.18538557750503146,0.17587413227225235,0.18538557750503146,False,0.0
3,7,12,False,22111,0.04570900536245127,0,0.006043099016427158,0.018233896173492695,0.25287249409900275,0.0003254138402339823,0.035446190439800476,0.08810958992478865,0.08392461347572983,1.0841713942451687,0.060865370120819454,0.35085846443785584,0.0,0.0,0.7548659286883335,0.6047587435937289,0.3459080595709182,0.0,0.2875301942986739,0.0,0.0,0.15634829376858364,0.0,0.8197678771328,0.41178871664518407,0.4456909264607068,3.1674867457807268,4.548035456423376,0.14070806359470725,0.09054210781571592,0.14070806359470725,False,0.0
3,7,13,False,29659,0.06131262222626485,0,0.013424878395520248,0.02582151184373828,0.36913373260676235,0.008201981363632451,0.029907044761289425,0.0531456603481798,0.06779187815759222,0.6790628475754288,0.07703923428451967,0.12970245029540095,0.0004142909564515511,0.0,3.0591490651028495,1.733709221211057,1.2682634207720271,0.0,0.0,0.0,0.0,0.0,0.0,0.0,1.1982145715784767,0.5016865074986152,3.1674867457807268,4.548035456423376,0.15838630048472666,0.2634576144049601,0.2634576144049601,False,2.5401264904671894e-05
3,7,14,True,12716,0.026287174356154415,6358,0.07757798391228063,0.07835949991688891,1.0188608523672227,0.08929708979899093,0.31395793508199865,0.10688109662620951,0.08826515394595126,1.1258765042760606,0.12179979907598106,0.35747527021067593,0.0,0.39521901130100723,20.0,9.550761284196893,6.422855784664813,5.568991122658298,14.918857172541344,0.09150694987709639,0.023551830330551117,0.30190987119436313,1.0980358918386304,0.8820728525821132,12.509652394849134,9.0190694574183,3.1674867457807268,4.548035456423376,2.847389801845964,2.750561756764944,2.847389801845964,True,0.0
3,7,15,True,6561,0.01356323930093812,3281,0.01431405391860695,0.036404964087865074,0.4865003484461676,0.04012587731493385,0.15182671873459172,0.21639624834921237,0.13960376819922848,1.4554885233534316,0.11403280702194683,0.3853246136088496,0.0,0.10297916747478353,3.3367125166690443,3.308405935582254,2.1993882628515413,2.0843437655035855,6.401461100764716,2.777804498018453,2.7642117932633106,1.4523407272659414,0.8817273243391333,1.1443070357026464,3.7827308296299,2.4054645575809515,3.1674867457807268,4.548035456423376,0.759423716858537,0.8317285267174852,0.8317285267174852,False,0.0
3,7,16,False,19036,0.039352205964435,0,0.0046213048573057955,0.014113244925682741,0.1930343243108792,0.0007776800801582921,0.025894044519957738,0.13191046161644776,0.10054810204465457,1.1858645192370996,0.07416468250131501,0.3780821795017414,0.0,0.0,0.3110411899546054,0.0,0.0,0.0,0.0,0.705452333205179,0.6792645832073646,0.5112834965822872,0.0,1.0761110367978262,0.6152069883025925,0.43653000998631886,3.1674867457807268,4.548035456423376,0.13781589159537977,0.13526873178477766,0.13781589159537977,False,0.0
3,7,17,True,22629,0.04677984181388945,11315,0.20169418362250302,0.1335970557300229,1.522653325526188,0.1356648999247381,0.40995913560600705,0.11372388777717685,0.0886847520987988,1.130345912302503,0.11778846000322388,0.3765092986508021,0.0,0.30549304715079956,20.0,17.76947816810478,10.419679614473953,8.854967995083898,19.962181133529484,0.25935379848284934,0.04595165305183476,0.31750925654561896,0.9863212148380038,1.0613005215481548,16.64665682417954,12.180341512180139,3.1674867457807268,4.548035456423376,3.8454277759504594,3.6601862460568086,3.8454277759504594,True,0.0
3,7,18,True,16773,0.03467401505786238,8387,0.0909359641828335,0.09374489839743778,1.0011532553927245,0.10909875679972433,0.24897684301022355,0.08460075967533073,0.087636271218623,0.9688441917394469,0.12801000969232101,0.26620986069636265,0.0,0.3870048780622952,20.0,11.839932707449329,6.282373047571601,6.972288358896596,11.505142584932598,0.0,0.0,0.0,1.2709885294807581,0.022702138918667743,12.579340912819632,8.957934883382773,3.1674867457807268,4.548035456423376,2.8280891452238133,2.7658845304412294,2.8280891452238133,True,0.0
3,7,19,False,21866,0.045202528662446714,0,0.00415667738386874,0.01627545687918964,0.20014102337640088,0.0004144951585145294,0.039619980977024,0.10005271290165732,0.0823325292523196,0.885387920965764,0.060523610929004525,0.23161783106628478,0.0007558364997381287,0.0,0.16600390330957615,0.31336536354178207,0.0,0.0,0.5067959712850851,0.0,0.0,0.0,0.0,0.0,0.24654130953411085,0.23008213119663326,3.1674867457807268,4.548035456423376,0.0726387036987971,0.054208308597486966,0.0726387036987971,False,3.416572104353616e-05
4,8,0,False,51858,0.1072035457503504,0,0.005599574653426528,0.020122292333501615,0.24809044064385413,0.00048820641509464587,0.030932549303066326,0.08304650399068182,0.07680983417985755,0.7811648475519776,0.041750459803334826,0.11252455957597289,0.0,0.0,0.6164161515050842,0.8857305059265194,0.30796976905793494,0.0,0.05041071691776103,0.0,0.0,0.0,0.0,0.0,0.38813934358734115,0.3431587378069373,3.1674867457807268,4.548035456423376,0.10833786069161752,0.08534219825378804,0.10833786069161752,False,0.0
4,8,1,True,54356,0.11236754083856003,27178,0.22221589126137636,0.13438544634871086,1.7623096475226498,0.15528235763379145,0.5457742516212567,0.13150537155389286,0.10394739752635015,1.3179022357265056,0.1358370976770279,0.44252047255345667,0.0007040272349474316,0.32244836154900347,20.0,17.886781680064022,12.320986501243635,10.245210755156402,20.0,0.6955158776125315,0.8607325321258845,0.9721291406210975,1.4889707519274882,1.6828730310933981,17.032998108805103,13.863535994915178,3.1674867457807268,4.548035456423376,4.376825258505722,3.7451330958180424,4.376825258505722,True,7.910980907441401e-05
4,8,2,False,5411,0.011185899688671874,0,0.01562751593234823,0.033781001708255876,0.46052447654558926,0.0062229394056677705,0.0806055541189542,0.06962138507259702,0.07300002501476631,0.8130233148427172,0.04130830136978221,0.24495576127989369,0.0,0.0,3.7467204853651945,2.917990328038201,1.9933093923965999,0.0,2.6599307441136317,0.0,0.0,0.0,0.0,0.0,2.331160389379257,2.2778166017239037,3.1674867457807268,4.548035456423376,0.7191242725034558,0.5125642514696899,0.7191242725034558,False,0.0
4,8,3,False,9927,0.020521608983449582,0,0.007355570466441619,0.018973437099337666,0.2990437570629922,0.0015238942182240183,0.027366824387301945,0.12235073937486725,0.08881633663473118,1.1661127668275217,0.06474723614472533,0.3992350223912735,0.0,0.0,1.1645646847713675,0.7147939796592924,0.7122065135945224,0.0,0.0,0.47096187216447016,0.0529761603280115,0.44234479253542225,0.0,1.2752898251988913,0.469839666107665,0.33845427252971794,3.1674867457807268,4.548035456423376,0.10685262471281319,0.10330606931484917,0.10685262471281319,False,0.0
4,8,4,False,18308,0.037847246627278626,0,0.008558914073732866,0.01868681640337419,0.25686338731661396,0.0,0.028742699783821733,0.08945126819342414,0.08948764579417604,1.1061087322805596,0.05547080227573088,0.36447588861351105,0.0,0.0,1.540198287347837,0.6721480964641431,0.37756970194194067,0.0,0.0,0.0,0.08881332038386773,0.23291525466591143,0.0,0.9479918734350941,0.553086595952995,0.44118893697840444,3.1674867457807268,4.548035456423376,0.13928675078627978,0.12161000090090508,0.13928675078627978,False,0.0
4,8,5,False,12303,0.02543339934757532,0,0.011764066705385587,0.026554901089639094,0.4074634552201154,0.0034019315786079987,0.06970186316749089,0.12218019248479511,0.10560599058275387,1.0877446861570672,0.08026086899127784,0.28416768042771845,0.0,0.0,2.540713038529597,1.8428291576208486,1.5723512285362458,0.0,2.087116596597089,0.46677852688816823,0.9492748438068774,0.16882000303666728,0.0,0.19179604251808613,1.6176646981868836,1.2434554425239157,3.1674867457807268,4.548035456423376,0.3925684753630838,0.35568427592229734,0.3925684753630838,False,0.0
4,8,6,False,14905,0.030812388626807297,0,0.01811588425604399,0.03020804247684751,0.5790454046544518,0.0009339848150648124,0.03825857122977468,0.15904019236783934,0.11730043713619212,1.317887204043835,0.09495245632591155,0.4085838509392589,0.0,0.0,4.523485120423232,2.386374836939512,2.933591939347485,0.0,0.43527571568882056,1.370917595797613,1.5735710373025804,0.9720766761763502,0.3503448666599457,1.36331999461307,1.8362839182628914,1.243508007388712,3.1674867457807268,4.548035456423376,0.39258507049639135,0.4037532107779487,0.4037532107779487,False,0.0
4,8,7,True,20029,0.04140498703833098,10015,0.1502919191186402,0.11772823535716409,1.232182984613208,0.10871250263073337,0.304816807779437,0.12882714479733853,0.11486955952216982,1.1575354196510763,0.14194648069611293,0.2978507816346424,0.0,0.3465689150675488,20.0,15.408379093277405,8.115241096101215,6.944915440858409,14.438637486706032,0.6298216439260772,1.4438010961297885,0.41240764132764124,1.659115369041862,0.320638464985705,14.19798300521046,11.618214190325066,3.1674867457807268,4.548035456423376,3.6679598441260066,3.121783711065416,3.6679598441260066,True,0.0
4,8,8,True,14521,0.030018563921494046,7261,0.31131351428841314,0.1623867912118635,2.4786106856778316,0.13434568954549975,0.6841904917133707,0.20249518745873177,0.13644055130483818,1.7519051645328831,0.16018862029874747,0.5886050493069732,0.000893580588346472,0.17250242343725924,20.0,20.0,18.003741228927495,8.761478680313909,20.0,2.436825325738146,2.595346660796775,2.4869111631998706,2.167153881006373,3.05843040434118,17.190369670078475,14.159243018344474,3.1674867457807268,4.548035456423376,4.470182246920337,3.7797351922135554,4.470182246920337,True,2.6824006010284826e-05
4,8,9,False,68254,0.1410982068657568,0,0.009861882348160968,0.02316336059369009,0.37980796151667473,0.0007337343269596492,0.05607255000039084,0.12436393043746038,0.09704171014868854,1.1723762785362681,0.09278674270376723,0.3348161307823886,0.0,0.0,1.9469305490232955,1.3382067005590232,1.3529471243701825,0.0,1.3711146998264674,0.5203434429361803,0.49207940060355965,0.46420606190684055,0.29003034490414403,0.668710518209057,1.1640629873521966,0.9155949476433989,3.1674867457807268,4.548035456423376,0.28906038797574246,0.2559485295366691,0.28906038797574246,False,0.0
4,8,10,True,15345,0.03172197943497873,7673,0.07454383789028637,0.08297053450649208,1.1367894619076453,0.09001937540513756,0.30689346225963465,0.1677289385477709,0.12645036393937786,1.5976307965552379,0.15716534257899378,0.531573905352257,0.0052491941285050595,0.3887873189827199,20.0,10.236830522344539,7.358439188426174,5.620177792691824,14.547732385952163,1.584043881908307,2.0620306191982043,1.9484538772088427,2.0829564377537566,2.521415393481883,12.601185175247132,10.149845852667319,3.1674867457807268,4.548035456423376,3.2043846327652337,2.7706875410238863,3.2043846327652337,True,0.0001665148281946486
4,8,11,False,47166,0.09750400013230412,0,0.008406030100374134,0.019075156256626938,0.32980237125071626,0.0009702858611439973,0.019254948000496704,0.10803942530581512,0.09355548889341216,0.9988948533180707,0.05803415561297939,0.30991217876281485,0.0,0.0,1.4924742978397878,0.72992862751117,0.9562291393922879,0.0,0.0,0.11991959820028532,0.3059710072385937,0.0,0.0,0.4342106443357598,0.5556007313377395,0.5761443897121691,3.1674867457807268,4.548035456423376,0.18189322827621182,0.12216279680780454,0.18189322827621182,False,0.0
4,8,12,False,22111,0.04570900536245127,0,0.00901332654243046,0.027577908280854352,0.3498583420066165,0.0005290467378457628,0.05473491358022151,0.08209170065483809,0.08039824960777853,0.9831514554387712,0.05305487722440811,0.28999605826249597,0.0,0.0,1.6820468762615033,1.9950409336676245,1.1153426357581688,0.0,1.300843351425535,0.0,0.0,0.0,0.0,0.24667704558406633,1.2444827903386657,0.7252680788179924,3.1674867457807268,4.548035456423376,0.22897272728420753,0.2736308461670042,0.2736308461670042,False,0.0
4,8,13,False,29659,0.06131262222626485,0,0.011572019764122834,0.019666924929165944,0.3417994479413221,0.004662359348324881,0.020317753677718625,0.06636418726073329,0.07937180878783776,0.778258510438533,0.08255183550766002,0.16217606175730978,0.0,0.0,2.480764006538056,0.817977041471001,1.051407619738363,0.0,0.0,0.0,0.0,0.0,0.00499102740795379,0.0,0.8246852620022642,0.6147360715748924,3.1674867457807268,4.548035456423376,0.19407691994094559,0.18132779964094772,0.19407691994094559,False,0.0
4,8,14,True,12716,0.026287174356154415,6358,0.07977508975590905,0.07995979221044057,1.0362951352831589,0.0872070327381427,0.3205442837384462,0.10687976647603815,0.08929950090497304,1.1393960767293765,0.1184644622917781,0.35784260549537983,0.0,0.4064642132824654,20.0,9.788866484519197,6.561170192137235,5.420873729463068,15.26486419967406,0.09147432261878778,0.07876939589215555,0.3490966617571766,1.0051476904731365,0.8855317444826666,12.61865110341408,10.278923033516822,3.1674867457807268,4.548035456423376,3.245135294475639,2.7745278646832547,3.245135294475639,True,0.0
4,8,15,True,6561,0.01356323930093812,3281,0.012852947767259638,0.027148193764594274,0.36685818653036273,0.04005937143072868,0.09424902354810308,0.2153486640991309,0.13887377845924098,1.4878401184160193,0.1128006891700771,0.46549124629542354,0.0,0.07852597842984,2.8806162162842495,1.9311043257193186,1.2502104381084436,2.0796306510221005,3.3766763254965206,2.752108300202984,2.725242029804848,1.5652561279461497,0.8474131850076698,1.8991697674920849,2.567006879630547,2.4620043702983097,3.1674867457807268,4.548035456423376,0.7772737718880245,0.5644210350218485,0.7772737718880245,False,0.0
4,8,16,False,19036,0.039352205964435,0,0.00545996356206525,0.01603722735933429,0.22568544748649177,0.0005527239965496329,0.03293802242661394,0.12345236616197064,0.09763364146978906,1.1559252460972715,0.06848404508694071,0.37505697171075913,0.0,0.0,0.5728354012605894,0.2779195341914747,0.13022036760984984,0.0,0.15576617707761614,0.49798367956375716,0.523679055096426,0.40678772083714293,0.0,1.0476251625531168,0.517321974303325,0.46480719749727106,3.1674867457807268,4.548035456423376,0.14674321782606378,0.11374624917945399,0.14674321782606378,False,0.0
4,8,17,True,22629,0.04677984181388945,11315,0.2233382423346936,0.14177970014453012,1.617452250515282,0.1405432627482416,0.43131015882295565,0.12288773668149977,0.09430091669541431,1.1947876645886104,0.11936146372765746,0.39483156481077303,0.0,0.335004960803108,20.0,18.98696212108835,11.171764297400815,9.200686013033426,20.0,0.4841338810186793,0.34576491601309584,0.5424275725001623,1.030128930867129,1.2338261150848429,17.046912033530447,13.883641194652746,3.1674867457807268,4.548035456423376,4.383172625156695,3.748192422170851,4.383172625156695,True,0.0
4,8,18,True,16773,0.03467401505786238,8387,0.08600422958733651,0.09127911898716927,0.9581121367810642,0.10623218696063874,0.22547695803968804,0.07741496342212413,0.08371759246555358,0.9077741339738903,0.12144331982457379,0.23877848708912666,0.0,0.36370846824625447,20.0,11.47305291755197,5.940907508298955,6.769141344429386,10.270600388528216,0.0,0.0,0.0,1.0881080438791173,0.0,12.128198662627392,10.06752720611839,3.1674867457807268,4.548035456423376,3.1783960010342303,2.6666895583450745,3.1783960010342303,True,0.0
4,8,19,False,21866,0.045202528662446714,0,0.004871975614268586,0.01840561785882446,0.22654846242514035,0.0006156979021313751,0.03294627581731847,0.09492408590810056,0.08069811038440618,0.8696284413575129,0.054009418729430186,0.2267472930856759,0.00014918224700341542,0.0,0.3892901281032534,0.6303089674186887,0.13706707306109125,0.0,0.15619976043774414,0.0,0.0,0.0,0.0,0.0,0.29394971398992153,0.25243578517428417,3.1674867457807268,4.548035456423376,0.07969592469819899,0.06463223886585237,0.07969592469819899,False,6.743414796100091e-06
