seed,family_id,state,checkpoint_sha256,expected_checkpoint_sha256,checkpoint_hash_match,marker_hashes_valid,tensor_shapes_valid,attributions_finite,derived_margin_exact,same_probe_labels_and_features,long_schema_valid,long_row_count,feature_summary_valid,state_summary_valid,partition_hash,poison_index_hash,reserved_test_arrays_materialized
99,shared,clean_reference,2e6736f8b96602614e3589fff8622e79878912deee2de64fe7c0e23121f3834f,2e6736f8b96602614e3589fff8622e79878912deee2de64fe7c0e23121f3834f,True,True,True,True,True,True,True,8832,True,True,5f14674b0c775f06c3400c5e1e3b9649b78c82d4257c2293411f5c6fe53bed48,,False
99,A_development_anchor,suspicious,027d42ba794f748efb0da634d27713a88b84f9420debf57f423a41fbac44d704,027d42ba794f748efb0da634d27713a88b84f9420debf57f423a41fbac44d704,True,True,True,True,True,True,True,8832,True,True,5f14674b0c775f06c3400c5e1e3b9649b78c82d4257c2293411f5c6fe53bed48,fa626e472688d23d7bfeecc6a7e8b63d4bb8477d3fbabafa652357c3210efe45,False
99,A_development_anchor,reconstructed,f6684c18b9b7ca243192e367f661adef550a8ba128ff1de0270491b5e19facdd,f6684c18b9b7ca243192e367f661adef550a8ba128ff1de0270491b5e19facdd,True,True,True,True,True,True,True,8832,True,True,5f14674b0c775f06c3400c5e1e3b9649b78c82d4257c2293411f5c6fe53bed48,fa626e472688d23d7bfeecc6a7e8b63d4bb8477d3fbabafa652357c3210efe45,False
99,B_hash_ranked,suspicious,c52c01f3a37633859496c981721e7ecf298a4cb835888b25ea50886abd16d111,c52c01f3a37633859496c981721e7ecf298a4cb835888b25ea50886abd16d111,True,True,True,True,True,True,True,8832,True,True,5f14674b0c775f06c3400c5e1e3b9649b78c82d4257c2293411f5c6fe53bed48,aab37c2383a276e9ba33492a33a131f61dd2d93026bda215503439acddd29955,False
99,B_hash_ranked,reconstructed,78471fd172cafb9cb0f420b94d23112d08db650d8f21c863b17b8ee0c7418e7d,78471fd172cafb9cb0f420b94d23112d08db650d8f21c863b17b8ee0c7418e7d,True,True,True,True,True,True,True,8832,True,True,5f14674b0c775f06c3400c5e1e3b9649b78c82d4257c2293411f5c6fe53bed48,aab37c2383a276e9ba33492a33a131f61dd2d93026bda215503439acddd29955,False
99,C_hash_ranked,suspicious,b9cb6323424429a6088f95d700e661173fcad057f695ea9fb8ab6fc3500e8a03,b9cb6323424429a6088f95d700e661173fcad057f695ea9fb8ab6fc3500e8a03,True,True,True,True,True,True,True,8832,True,True,5f14674b0c775f06c3400c5e1e3b9649b78c82d4257c2293411f5c6fe53bed48,332f9b2c9e43891a4238af8a3aec4421868b7bcafcdf977ba70f28eaa34f667d,False
99,C_hash_ranked,reconstructed,21d471455ed16ec00202158b22e6670ba06b22e9a6bb61f66bc937868a61ecf3,21d471455ed16ec00202158b22e6670ba06b22e9a6bb61f66bc937868a61ecf3,True,True,True,True,True,True,True,8832,True,True,5f14674b0c775f06c3400c5e1e3b9649b78c82d4257c2293411f5c6fe53bed48,332f9b2c9e43891a4238af8a3aec4421868b7bcafcdf977ba70f28eaa34f667d,False
123,shared,clean_reference,5a34234aad95ba4befaaf72d9a3b4dfe027af8b6635c1874da4571d0120f3263,5a34234aad95ba4befaaf72d9a3b4dfe027af8b6635c1874da4571d0120f3263,True,True,True,True,True,True,True,8832,True,True,5f14674b0c775f06c3400c5e1e3b9649b78c82d4257c2293411f5c6fe53bed48,,False
123,A_development_anchor,suspicious,a9982d300b99c094bd8588b02bfa06f28b6806282abdb7997b82e1ee8978d406,a9982d300b99c094bd8588b02bfa06f28b6806282abdb7997b82e1ee8978d406,True,True,True,True,True,True,True,8832,True,True,5f14674b0c775f06c3400c5e1e3b9649b78c82d4257c2293411f5c6fe53bed48,fa626e472688d23d7bfeecc6a7e8b63d4bb8477d3fbabafa652357c3210efe45,False
123,A_development_anchor,reconstructed,184b9c8561a086483e977cfa84f326451dd9779cff622ce8eeafb982f435a4ec,184b9c8561a086483e977cfa84f326451dd9779cff622ce8eeafb982f435a4ec,True,True,True,True,True,True,True,8832,True,True,5f14674b0c775f06c3400c5e1e3b9649b78c82d4257c2293411f5c6fe53bed48,fa626e472688d23d7bfeecc6a7e8b63d4bb8477d3fbabafa652357c3210efe45,False
123,B_hash_ranked,suspicious,d6ea984d5041942f5d8db4a85cbecc66d8d002dadd8a9e9b469017a8df6cb0ed,d6ea984d5041942f5d8db4a85cbecc66d8d002dadd8a9e9b469017a8df6cb0ed,True,True,True,True,True,True,True,8832,True,True,5f14674b0c775f06c3400c5e1e3b9649b78c82d4257c2293411f5c6fe53bed48,aab37c2383a276e9ba33492a33a131f61dd2d93026bda215503439acddd29955,False
123,B_hash_ranked,reconstructed,8590fb6750255fdfc7459752d4612ff0b6a00b7649edb04e1fa0a22550393cf1,8590fb6750255fdfc7459752d4612ff0b6a00b7649edb04e1fa0a22550393cf1,True,True,True,True,True,True,True,8832,True,True,5f14674b0c775f06c3400c5e1e3b9649b78c82d4257c2293411f5c6fe53bed48,aab37c2383a276e9ba33492a33a131f61dd2d93026bda215503439acddd29955,False
123,C_hash_ranked,suspicious,3a4c80a39cb0d5d0509aee31d3772760b63b81cd9343e5243b311b26d2645006,3a4c80a39cb0d5d0509aee31d3772760b63b81cd9343e5243b311b26d2645006,True,True,True,True,True,True,True,8832,True,True,5f14674b0c775f06c3400c5e1e3b9649b78c82d4257c2293411f5c6fe53bed48,332f9b2c9e43891a4238af8a3aec4421868b7bcafcdf977ba70f28eaa34f667d,False
123,C_hash_ranked,reconstructed,6d72601d7c34b3364b36a3f06977ab559d1969d4ef2ab4ba3eee350fbf0d7b30,6d72601d7c34b3364b36a3f06977ab559d1969d4ef2ab4ba3eee350fbf0d7b30,True,True,True,True,True,True,True,8832,True,True,5f14674b0c775f06c3400c5e1e3b9649b78c82d4257c2293411f5c6fe53bed48,332f9b2c9e43891a4238af8a3aec4421868b7bcafcdf977ba70f28eaa34f667d,False
2026,shared,clean_reference,911b6b22ec5e48dd988581eb349c9de3f8cf289b8efc7210b8ed746fb58e0e11,911b6b22ec5e48dd988581eb349c9de3f8cf289b8efc7210b8ed746fb58e0e11,True,True,True,True,True,True,True,8832,True,True,5f14674b0c775f06c3400c5e1e3b9649b78c82d4257c2293411f5c6fe53bed48,,False
2026,A_development_anchor,suspicious,b9d26b15a8342fee9250dc1a669e40f4206b5d71af19cffd30ae8a90c2cd7071,b9d26b15a8342fee9250dc1a669e40f4206b5d71af19cffd30ae8a90c2cd7071,True,True,True,True,True,True,True,8832,True,True,5f14674b0c775f06c3400c5e1e3b9649b78c82d4257c2293411f5c6fe53bed48,fa626e472688d23d7bfeecc6a7e8b63d4bb8477d3fbabafa652357c3210efe45,False
2026,A_development_anchor,reconstructed,972fc71e05b3ea72c289487079e682e53c736903b60f15469537fde8ea965041,972fc71e05b3ea72c289487079e682e53c736903b60f15469537fde8ea965041,True,True,True,True,True,True,True,8832,True,True,5f14674b0c775f06c3400c5e1e3b9649b78c82d4257c2293411f5c6fe53bed48,fa626e472688d23d7bfeecc6a7e8b63d4bb8477d3fbabafa652357c3210efe45,False
2026,B_hash_ranked,suspicious,2d81290b6851723866d0cc35552bb8a15c86f7e4ba3b1136a38abe10dfda6573,2d81290b6851723866d0cc35552bb8a15c86f7e4ba3b1136a38abe10dfda6573,True,True,True,True,True,True,True,8832,True,True,5f14674b0c775f06c3400c5e1e3b9649b78c82d4257c2293411f5c6fe53bed48,aab37c2383a276e9ba33492a33a131f61dd2d93026bda215503439acddd29955,False
2026,B_hash_ranked,reconstructed,490dd6abcb3e9445fa46676441d706f7022659a840075687368783f126eb489b,490dd6abcb3e9445fa46676441d706f7022659a840075687368783f126eb489b,True,True,True,True,True,True,True,8832,True,True,5f14674b0c775f06c3400c5e1e3b9649b78c82d4257c2293411f5c6fe53bed48,aab37c2383a276e9ba33492a33a131f61dd2d93026bda215503439acddd29955,False
2026,C_hash_ranked,suspicious,6d76a043da0344f912e118efcbd4303043c8360915c4060c223510a8e736343b,6d76a043da0344f912e118efcbd4303043c8360915c4060c223510a8e736343b,True,True,True,True,True,True,True,8832,True,True,5f14674b0c775f06c3400c5e1e3b9649b78c82d4257c2293411f5c6fe53bed48,332f9b2c9e43891a4238af8a3aec4421868b7bcafcdf977ba70f28eaa34f667d,False
2026,C_hash_ranked,reconstructed,21363c5216aedcce192e80ebe15092e81502ae7b675473c582742f29100baf41,21363c5216aedcce192e80ebe15092e81502ae7b675473c582742f29100baf41,True,True,True,True,True,True,True,8832,True,True,5f14674b0c775f06c3400c5e1e3b9649b78c82d4257c2293411f5c6fe53bed48,332f9b2c9e43891a4238af8a3aec4421868b7bcafcdf977ba70f28eaa34f667d,False
