stage_type,attack,n,runtime_mean_seconds,runtime_median_seconds,peak_rss_mean_bytes,peak_rss_max_bytes
clean_reference,,5,148.04142370224,147.25457501411438,876426854.4,910397440
plain_fedavg,all_to_one_benign,5,144.80306458473206,147.49143028259277,865863270.4,874950656
plain_fedavg,cyclic_shift,5,148.42307405471803,147.2686128616333,865559347.2,873312256
plain_fedavg,multiclass_partial_cycle,5,148.72277913093566,149.37995505332947,864243712.0,882421760
plain_fedavg,pairwise_swap,5,147.1761249065399,146.9699456691742,859806105.6,868061184
plain_fedavg,random_flip,5,147.76011095046997,147.93899059295654,878124236.8,911572992
reconstruction_calibration,,5,186.83543901443483,186.734852552414,1813418803.2,1846784000
trusted_reconstruction,all_to_one_benign,5,148.8375353336334,149.15661787986755,1163368038.4,1177018368
trusted_reconstruction,cyclic_shift,5,146.02342734336852,147.2561583518982,1161424076.8,1178365952
trusted_reconstruction,multiclass_partial_cycle,5,146.4686954975128,146.92086625099182,1167291187.2,1184673792
trusted_reconstruction,pairwise_swap,5,145.92057271003722,146.88198804855347,1159807795.2,1178214400
trusted_reconstruction,random_flip,5,147.31159353256226,148.2615303993225,1156748083.2,1158238208
warmup,,5,146.12641344070434,144.9649760723114,837281382.4,844361728
