metric,dataset,attack,global_round,n_required,n_finite,mean_contrast,median_contrast,mean_reported_level,median_reported_level,confirmatory_inference
macro_f1,diagnostic,all_to_one_benign,5,5,5,0.2143611612386321,0.2115335748127779,0.3803825930996658,0.3930312855433905,False
macro_f1,diagnostic,all_to_one_benign,6,5,5,0.1204784643832309,0.1160437786769152,0.4018995955005792,0.4008329007308727,False
macro_f1,diagnostic,all_to_one_benign,7,5,5,0.1335031851728539,0.1339507649454253,0.3858673360238899,0.3760537951024888,False
macro_f1,diagnostic,all_to_one_benign,8,5,5,0.119735636783675,0.1257257928243333,0.4039408973705022,0.4093004150550872,False
macro_f1,diagnostic,cyclic_shift,5,5,5,0.0317187097957662,0.0362626427031374,0.3926439302674842,0.3967169679507715,False
macro_f1,diagnostic,cyclic_shift,6,5,5,0.0030689570220211,-0.0023504330481552,0.3968971349917458,0.4008329007308727,False
macro_f1,diagnostic,cyclic_shift,7,5,5,-0.0128219951675144,-0.0128174744249522,0.3909717305635284,0.3877638318769772,False
macro_f1,diagnostic,cyclic_shift,8,5,5,0.0038546104715974,0.0015790224135421,0.399238292844142,0.4001160175993228,False
macro_f1,diagnostic,multiclass_partial_cycle,5,5,5,0.0126193236637335,0.0141973731107826,0.3926439302674842,0.3967169679507715,False
macro_f1,diagnostic,multiclass_partial_cycle,6,5,5,0.0098116944531313,0.0080009625615927,0.3968971349917458,0.4008329007308727,False
macro_f1,diagnostic,multiclass_partial_cycle,7,5,5,-0.0038692025369582,-0.0077773230241454,0.3909717305635284,0.3877638318769772,False
macro_f1,diagnostic,multiclass_partial_cycle,8,5,5,0.0100010355163407,0.0090227272901947,0.399238292844142,0.4001160175993228,False
macro_f1,diagnostic,pairwise_swap,5,5,5,0.0163522521470105,0.0090485757853051,0.3927537718030484,0.3967169679507715,False
macro_f1,diagnostic,pairwise_swap,6,5,5,-0.0007681005738108,-0.0051681485568543,0.3962839977730885,0.4008329007308727,False
macro_f1,diagnostic,pairwise_swap,7,5,5,-0.0010356850387419,-0.0023471974374913,0.3910797526364787,0.3883039422417289,False
macro_f1,diagnostic,pairwise_swap,8,5,5,0.0008899978900254,0.0019991769371668,0.4007194184142904,0.4001160175993228,False
macro_f1,diagnostic,random_flip,5,5,5,0.0816726537133554,0.0818959822514302,0.3926439302674842,0.3967169679507715,False
macro_f1,diagnostic,random_flip,6,5,5,0.0086117048065957,0.0064543904298851,0.3968971349917458,0.4008329007308727,False
macro_f1,diagnostic,random_flip,7,5,5,0.0193950192397741,0.0226142084959808,0.3909717305635284,0.3877638318769772,False
macro_f1,diagnostic,random_flip,8,5,5,0.0101270835868719,0.003692797650054,0.399238292844142,0.4001160175993228,False
macro_f1,natural,all_to_one_benign,5,5,5,0.1664353619005943,0.1594445102303736,0.2991162686867357,0.2992764768372238,False
macro_f1,natural,all_to_one_benign,6,5,5,0.080794316013374,0.0860309203993739,0.3123580071912553,0.3108288773232668,False
macro_f1,natural,all_to_one_benign,7,5,5,0.10097886141832,0.0984976034481583,0.3055948148121984,0.3023775898405998,False
macro_f1,natural,all_to_one_benign,8,5,5,0.0840707068180768,0.0804173261636037,0.3190827298623612,0.3235886594595171,False
macro_f1,natural,cyclic_shift,5,5,5,0.0205868542049744,0.0187570401093284,0.3047996162850871,0.2992764768372238,False
macro_f1,natural,cyclic_shift,6,5,5,0.0140976028436502,0.0129735370387563,0.3098623308875718,0.3108288773232668,False
macro_f1,natural,cyclic_shift,7,5,5,0.0033793011543194,0.0011885976729373,0.3083897240294009,0.3023775898405998,False
macro_f1,natural,cyclic_shift,8,5,5,0.0210285094210245,0.020699152948939,0.3165455883257012,0.322890473201417,False
macro_f1,natural,multiclass_partial_cycle,5,5,5,0.0185941815440143,0.0175276709067483,0.3047996162850871,0.2992764768372238,False
macro_f1,natural,multiclass_partial_cycle,6,5,5,0.0093128486414773,0.0103428734026438,0.3098623308875718,0.3108288773232668,False
macro_f1,natural,multiclass_partial_cycle,7,5,5,0.0035100435561591,0.0055419101381659,0.3083897240294009,0.3023775898405998,False
macro_f1,natural,multiclass_partial_cycle,8,5,5,0.0153429970818618,0.0115671651844941,0.3165455883257012,0.322890473201417,False
macro_f1,natural,pairwise_swap,5,5,5,0.0015511470222231,0.005231025971557,0.3049067907943624,0.2992764768372238,False
macro_f1,natural,pairwise_swap,6,5,5,0.0005243066038634,0.0021558828638039,0.309481043144142,0.3108288773232668,False
macro_f1,natural,pairwise_swap,7,5,5,0.0028333926574455,0.0034025874769604,0.308613245055885,0.3024581245905197,False
macro_f1,natural,pairwise_swap,8,5,5,0.005071668339414,0.0035911314672342,0.316958244546757,0.3229467617678135,False
macro_f1,natural,random_flip,5,5,5,0.0666627428294104,0.0753512156712546,0.3047996162850871,0.2992764768372238,False
macro_f1,natural,random_flip,6,5,5,0.0165115242803988,0.0165994225219888,0.3098623308875718,0.3108288773232668,False
macro_f1,natural,random_flip,7,5,5,0.0199090417216015,0.0134940075853894,0.3083897240294009,0.3023775898405998,False
macro_f1,natural,random_flip,8,5,5,0.0212948070357005,0.0169616883538146,0.3165455883257012,0.322890473201417,False
balanced_accuracy,diagnostic,all_to_one_benign,5,5,5,0.1775370884929153,0.1775506455890592,0.3861492072218629,0.3947523745201063,False
balanced_accuracy,diagnostic,all_to_one_benign,6,5,5,0.0938249391125817,0.0923072510881973,0.4053238532336351,0.4007791199276854,False
balanced_accuracy,diagnostic,all_to_one_benign,7,5,5,0.1099945756393345,0.1121503641499442,0.390648401138796,0.3823940684763819,False
balanced_accuracy,diagnostic,all_to_one_benign,8,5,5,0.0936691613977879,0.0937404205352087,0.408131635708872,0.4117619939312179,False
balanced_accuracy,diagnostic,cyclic_shift,5,5,5,0.0360717355025643,0.0355367981250053,0.3940362962338993,0.3982869864787307,False
balanced_accuracy,diagnostic,cyclic_shift,6,5,5,0.009388788227896,0.00520805696025,0.4001555385316154,0.4007791199276854,False
balanced_accuracy,diagnostic,cyclic_shift,7,5,5,-0.0037963671537824,-0.0054060032557173,0.3953229439928814,0.3963393981256422,False
balanced_accuracy,diagnostic,cyclic_shift,8,5,5,0.0113969912045048,0.0097553408772245,0.4032198602832267,0.4008207620665157,False
balanced_accuracy,diagnostic,multiclass_partial_cycle,5,5,5,0.0232549267770213,0.0255802735512616,0.3940362962338993,0.3982869864787307,False
balanced_accuracy,diagnostic,multiclass_partial_cycle,6,5,5,0.0171797654873872,0.014125090829291,0.4001555385316154,0.4007791199276854,False
balanced_accuracy,diagnostic,multiclass_partial_cycle,7,5,5,0.0083138236753299,0.0068325612850616,0.3953229439928814,0.3963393981256422,False
balanced_accuracy,diagnostic,multiclass_partial_cycle,8,5,5,0.0186086818013199,0.0189048841488713,0.4032198602832267,0.4008207620665157,False
balanced_accuracy,diagnostic,pairwise_swap,5,5,5,0.0083399760074246,0.0095628371986556,0.3942171995961795,0.3982869864787307,False
balanced_accuracy,diagnostic,pairwise_swap,6,5,5,0.0023873051825735,0.0010110858571596,0.3995501040286877,0.4007791199276854,False
balanced_accuracy,diagnostic,pairwise_swap,7,5,5,-0.0015494816240474,-0.0056293240319345,0.3955556924542778,0.3975031404326244,False
balanced_accuracy,diagnostic,pairwise_swap,8,5,5,0.0040110692176115,0.0023225774270059,0.4046036350015389,0.4008207620665157,False
balanced_accuracy,diagnostic,random_flip,5,5,5,0.0383247796834427,0.042464833602731,0.3940362962338993,0.3982869864787307,False
balanced_accuracy,diagnostic,random_flip,6,5,5,0.0178246874742818,0.0160080563738259,0.4001555385316154,0.4007791199276854,False
balanced_accuracy,diagnostic,random_flip,7,5,5,0.0102061879061947,0.0082996063067589,0.3953229439928814,0.3963393981256422,False
balanced_accuracy,diagnostic,random_flip,8,5,5,0.0145405990907309,0.0086147037988834,0.4032198602832267,0.4008207620665157,False
balanced_accuracy,natural,all_to_one_benign,5,5,5,0.1766906543819492,0.1776931742125679,0.3853343128513294,0.3931493468143358,False
balanced_accuracy,natural,all_to_one_benign,6,5,5,0.0948150345804674,0.0952787495177764,0.4047602935328623,0.4020070867421929,False
balanced_accuracy,natural,all_to_one_benign,7,5,5,0.1106738406906068,0.1129015764831196,0.3905380117838106,0.3821174223456257,False
balanced_accuracy,natural,all_to_one_benign,8,5,5,0.0945343678614775,0.0937762414947166,0.4076446855505861,0.4120087674395805,False
balanced_accuracy,natural,cyclic_shift,5,5,5,0.0334335203931071,0.0298677225277413,0.3936202261920308,0.3975736316748421,False
balanced_accuracy,natural,cyclic_shift,6,5,5,0.0081930731307785,0.0032614360062419,0.399725831055986,0.4020070867421929,False
balanced_accuracy,natural,cyclic_shift,7,5,5,-0.0086838591469818,-0.0116920019836659,0.3948427954694506,0.3953813283010452,False
balanced_accuracy,natural,cyclic_shift,8,5,5,0.0090167151381704,0.0059946219246919,0.4031001467032445,0.4028044313298329,False
balanced_accuracy,natural,multiclass_partial_cycle,5,5,5,0.0212644272252141,0.0245739824755857,0.3936202261920308,0.3975736316748421,False
balanced_accuracy,natural,multiclass_partial_cycle,6,5,5,0.0155317245834018,0.0132321249049272,0.399725831055986,0.4020070867421929,False
balanced_accuracy,natural,multiclass_partial_cycle,7,5,5,0.0056354783512507,0.0049716892896209,0.3948427954694506,0.3953813283010452,False
balanced_accuracy,natural,multiclass_partial_cycle,8,5,5,0.0173325684767647,0.0183741194509297,0.4031001467032445,0.4028044313298329,False
balanced_accuracy,natural,pairwise_swap,5,5,5,0.0073665552254554,0.0104264076449727,0.3936399660750053,0.3975736316748421,False
balanced_accuracy,natural,pairwise_swap,6,5,5,0.0017423981255622,-0.0014433303987014,0.3990787616704446,0.4020070867421929,False
balanced_accuracy,natural,pairwise_swap,7,5,5,-0.0042842283484181,-0.0108182709075314,0.395130130220325,0.3968180020554176,False
balanced_accuracy,natural,pairwise_swap,8,5,5,0.003150000122425,0.0028946492033832,0.4041901361434429,0.4028044313298329,False
balanced_accuracy,natural,random_flip,5,5,5,0.0297254161301011,0.0291904809553831,0.3936202261920308,0.3975736316748421,False
balanced_accuracy,natural,random_flip,6,5,5,0.0160324120287363,0.0135270434836393,0.399725831055986,0.4020070867421929,False
balanced_accuracy,natural,random_flip,7,5,5,0.0048566410345306,0.0044196177515355,0.3948427954694506,0.3953813283010452,False
balanced_accuracy,natural,random_flip,8,5,5,0.0124389339025769,0.0077012000697854,0.4031001467032445,0.4028044313298329,False
worst_class_recall,diagnostic,all_to_one_benign,5,5,5,0.0,0.0,0.0,0.0,False
worst_class_recall,diagnostic,all_to_one_benign,6,5,5,0.0,0.0,0.0,0.0,False
worst_class_recall,diagnostic,all_to_one_benign,7,5,5,0.0,0.0,0.0,0.0,False
worst_class_recall,diagnostic,all_to_one_benign,8,5,5,0.0,0.0,0.0,0.0,False
worst_class_recall,diagnostic,cyclic_shift,5,5,5,0.0,0.0,0.0,0.0,False
worst_class_recall,diagnostic,cyclic_shift,6,5,5,0.0,0.0,0.0,0.0,False
worst_class_recall,diagnostic,cyclic_shift,7,5,5,0.0,0.0,0.0,0.0,False
worst_class_recall,diagnostic,cyclic_shift,8,5,5,0.0,0.0,0.0,0.0,False
worst_class_recall,diagnostic,multiclass_partial_cycle,5,5,5,0.0,0.0,0.0,0.0,False
worst_class_recall,diagnostic,multiclass_partial_cycle,6,5,5,0.0,0.0,0.0,0.0,False
worst_class_recall,diagnostic,multiclass_partial_cycle,7,5,5,0.0,0.0,0.0,0.0,False
worst_class_recall,diagnostic,multiclass_partial_cycle,8,5,5,0.0,0.0,0.0,0.0,False
worst_class_recall,diagnostic,pairwise_swap,5,5,5,0.0,0.0,0.0,0.0,False
worst_class_recall,diagnostic,pairwise_swap,6,5,5,0.0,0.0,0.0,0.0,False
worst_class_recall,diagnostic,pairwise_swap,7,5,5,0.0,0.0,0.0,0.0,False
worst_class_recall,diagnostic,pairwise_swap,8,5,5,0.0,0.0,0.0,0.0,False
worst_class_recall,diagnostic,random_flip,5,5,5,-0.0179760308615516,-0.0156450921560222,0.0,0.0,False
worst_class_recall,diagnostic,random_flip,6,5,5,-0.0008552018959849,0.0,0.0,0.0,False
worst_class_recall,diagnostic,random_flip,7,5,5,-0.0232394619891467,-0.0198577356253704,0.0,0.0,False
worst_class_recall,diagnostic,random_flip,8,5,5,-0.0021972815627247,-0.001841620626151,0.0,0.0,False
worst_class_recall,natural,all_to_one_benign,5,5,5,0.0,0.0,0.0,0.0,False
worst_class_recall,natural,all_to_one_benign,6,5,5,0.0,0.0,0.0,0.0,False
worst_class_recall,natural,all_to_one_benign,7,5,5,0.0,0.0,0.0,0.0,False
worst_class_recall,natural,all_to_one_benign,8,5,5,0.0,0.0,0.0,0.0,False
worst_class_recall,natural,cyclic_shift,5,5,5,0.0,0.0,0.0,0.0,False
worst_class_recall,natural,cyclic_shift,6,5,5,0.0,0.0,0.0,0.0,False
worst_class_recall,natural,cyclic_shift,7,5,5,0.0,0.0,0.0,0.0,False
worst_class_recall,natural,cyclic_shift,8,5,5,0.0,0.0,0.0,0.0,False
worst_class_recall,natural,multiclass_partial_cycle,5,5,5,0.0,0.0,0.0,0.0,False
worst_class_recall,natural,multiclass_partial_cycle,6,5,5,0.0,0.0,0.0,0.0,False
worst_class_recall,natural,multiclass_partial_cycle,7,5,5,0.0,0.0,0.0,0.0,False
worst_class_recall,natural,multiclass_partial_cycle,8,5,5,0.0,0.0,0.0,0.0,False
worst_class_recall,natural,pairwise_swap,5,5,5,0.0,0.0,0.0,0.0,False
worst_class_recall,natural,pairwise_swap,6,5,5,0.0,0.0,0.0,0.0,False
worst_class_recall,natural,pairwise_swap,7,5,5,0.0,0.0,0.0,0.0,False
worst_class_recall,natural,pairwise_swap,8,5,5,0.0,0.0,0.0,0.0,False
worst_class_recall,natural,random_flip,5,5,5,-0.0187029390489293,-0.0210526315789473,0.0,0.0,False
worst_class_recall,natural,random_flip,6,5,5,-0.0043103448275862,0.0,0.0,0.0,False
worst_class_recall,natural,random_flip,7,5,5,-0.0176585094549499,-0.0258620689655172,0.0,0.0,False
worst_class_recall,natural,random_flip,8,5,5,-0.0025862068965517,0.0,0.0,0.0,False
attack_excess_removed_fraction,diagnostic,all_to_one_benign,5,5,5,0.9527618996052072,0.9786330376473872,0.9527618996052072,0.9786330376473872,False
attack_excess_removed_fraction,diagnostic,all_to_one_benign,6,5,5,1.0168149625833862,1.0368863823744157,1.0168149625833862,1.0368863823744157,False
attack_excess_removed_fraction,diagnostic,all_to_one_benign,7,5,5,0.93020099551025,0.9321590450113556,0.93020099551025,0.9321590450113556,False
attack_excess_removed_fraction,diagnostic,all_to_one_benign,8,5,5,1.00053074508968,1.0178676443214136,1.00053074508968,1.0178676443214136,False
attack_excess_removed_fraction,diagnostic,cyclic_shift,5,5,4,,,,,False
attack_excess_removed_fraction,diagnostic,cyclic_shift,6,5,4,,,,,False
attack_excess_removed_fraction,diagnostic,cyclic_shift,7,5,3,,,,,False
attack_excess_removed_fraction,diagnostic,cyclic_shift,8,5,4,,,,,False
attack_excess_removed_fraction,diagnostic,multiclass_partial_cycle,5,5,3,,,,,False
attack_excess_removed_fraction,diagnostic,multiclass_partial_cycle,6,5,5,1.37618648521488,1.001980270237914,1.37618648521488,1.001980270237914,False
attack_excess_removed_fraction,diagnostic,multiclass_partial_cycle,7,5,3,,,,,False
attack_excess_removed_fraction,diagnostic,multiclass_partial_cycle,8,5,4,,,,,False
attack_excess_removed_fraction,diagnostic,pairwise_swap,5,5,4,,,,,False
attack_excess_removed_fraction,diagnostic,pairwise_swap,6,5,4,,,,,False
attack_excess_removed_fraction,diagnostic,pairwise_swap,7,5,3,,,,,False
attack_excess_removed_fraction,diagnostic,pairwise_swap,8,5,4,,,,,False
attack_excess_removed_fraction,diagnostic,random_flip,5,5,5,1.0702195244442123,0.986246399648373,1.0702195244442123,0.986246399648373,False
attack_excess_removed_fraction,diagnostic,random_flip,6,5,4,,,,,False
attack_excess_removed_fraction,diagnostic,random_flip,7,5,5,0.5526673571554465,0.8828850579002817,0.5526673571554465,0.8828850579002817,False
attack_excess_removed_fraction,diagnostic,random_flip,8,5,4,,,,,False
attack_excess_removed_fraction,natural,all_to_one_benign,5,5,5,0.9738623403404968,1.015648389918725,0.9738623403404968,1.015648389918725,False
attack_excess_removed_fraction,natural,all_to_one_benign,6,5,5,1.0323209117089471,1.0524901494698444,1.0323209117089471,1.0524901494698444,False
attack_excess_removed_fraction,natural,all_to_one_benign,7,5,5,0.9644255358571908,0.9578273052842344,0.9644255358571908,0.9578273052842344,False
attack_excess_removed_fraction,natural,all_to_one_benign,8,5,5,1.0412309396852792,1.0496645194212002,1.0412309396852792,1.0496645194212002,False
attack_excess_removed_fraction,natural,cyclic_shift,5,5,5,1.397523477610386,1.116848005160777,1.397523477610386,1.116848005160777,False
attack_excess_removed_fraction,natural,cyclic_shift,6,5,5,1.2438947865819237,1.1898021274563158,1.2438947865819237,1.1898021274563158,False
attack_excess_removed_fraction,natural,cyclic_shift,7,5,4,,,,,False
attack_excess_removed_fraction,natural,cyclic_shift,8,5,5,1.1157123936553377,1.0823046648018957,1.1157123936553377,1.0823046648018957,False
attack_excess_removed_fraction,natural,multiclass_partial_cycle,5,5,5,1.1176399398271388,1.178514356003012,1.1176399398271388,1.178514356003012,False
attack_excess_removed_fraction,natural,multiclass_partial_cycle,6,5,4,,,,,False
attack_excess_removed_fraction,natural,multiclass_partial_cycle,7,5,3,,,,,False
attack_excess_removed_fraction,natural,multiclass_partial_cycle,8,5,5,1.1445612144594437,1.1272257026057302,1.1445612144594437,1.1272257026057302,False
attack_excess_removed_fraction,natural,pairwise_swap,5,5,2,,,,,False
attack_excess_removed_fraction,natural,pairwise_swap,6,5,3,,,,,False
attack_excess_removed_fraction,natural,pairwise_swap,7,5,3,,,,,False
attack_excess_removed_fraction,natural,pairwise_swap,8,5,4,,,,,False
attack_excess_removed_fraction,natural,random_flip,5,5,5,1.0167521110912674,1.0365216678654992,1.0167521110912674,1.0365216678654992,False
attack_excess_removed_fraction,natural,random_flip,6,5,4,,,,,False
attack_excess_removed_fraction,natural,random_flip,7,5,5,0.9404772032368692,1.05339822651758,0.9404772032368692,1.05339822651758,False
attack_excess_removed_fraction,natural,random_flip,8,5,5,1.0813276418424662,1.0872190870110297,1.0813276418424662,1.0872190870110297,False
malicious_client_recall,diagnostic,all_to_one_benign,5,5,5,0.5,0.5,1.0,1.0,False
malicious_client_recall,diagnostic,all_to_one_benign,6,5,5,0.5,0.5,1.0,1.0,False
malicious_client_recall,diagnostic,all_to_one_benign,7,5,5,0.5,0.5,1.0,1.0,False
malicious_client_recall,diagnostic,all_to_one_benign,8,5,5,0.5,0.5,1.0,1.0,False
malicious_client_recall,diagnostic,cyclic_shift,5,5,5,0.5,0.5,1.0,1.0,False
malicious_client_recall,diagnostic,cyclic_shift,6,5,5,0.5,0.5,1.0,1.0,False
malicious_client_recall,diagnostic,cyclic_shift,7,5,5,0.5,0.5,1.0,1.0,False
malicious_client_recall,diagnostic,cyclic_shift,8,5,5,0.5,0.5,1.0,1.0,False
malicious_client_recall,diagnostic,multiclass_partial_cycle,5,5,5,0.5,0.5,1.0,1.0,False
malicious_client_recall,diagnostic,multiclass_partial_cycle,6,5,5,0.5,0.5,1.0,1.0,False
malicious_client_recall,diagnostic,multiclass_partial_cycle,7,5,5,0.5,0.5,1.0,1.0,False
malicious_client_recall,diagnostic,multiclass_partial_cycle,8,5,5,0.5,0.5,1.0,1.0,False
malicious_client_recall,diagnostic,pairwise_swap,5,5,5,0.475,0.5,0.975,1.0,False
malicious_client_recall,diagnostic,pairwise_swap,6,5,5,0.5,0.5,1.0,1.0,False
malicious_client_recall,diagnostic,pairwise_swap,7,5,5,0.475,0.5,0.975,1.0,False
malicious_client_recall,diagnostic,pairwise_swap,8,5,5,0.475,0.5,0.975,1.0,False
malicious_client_recall,diagnostic,random_flip,5,5,5,0.5,0.5,1.0,1.0,False
malicious_client_recall,diagnostic,random_flip,6,5,5,0.5,0.5,1.0,1.0,False
malicious_client_recall,diagnostic,random_flip,7,5,5,0.5,0.5,1.0,1.0,False
malicious_client_recall,diagnostic,random_flip,8,5,5,0.5,0.5,1.0,1.0,False
malicious_client_recall,natural,all_to_one_benign,5,5,5,0.5,0.5,1.0,1.0,False
malicious_client_recall,natural,all_to_one_benign,6,5,5,0.5,0.5,1.0,1.0,False
malicious_client_recall,natural,all_to_one_benign,7,5,5,0.5,0.5,1.0,1.0,False
malicious_client_recall,natural,all_to_one_benign,8,5,5,0.5,0.5,1.0,1.0,False
malicious_client_recall,natural,cyclic_shift,5,5,5,0.5,0.5,1.0,1.0,False
malicious_client_recall,natural,cyclic_shift,6,5,5,0.5,0.5,1.0,1.0,False
malicious_client_recall,natural,cyclic_shift,7,5,5,0.5,0.5,1.0,1.0,False
malicious_client_recall,natural,cyclic_shift,8,5,5,0.5,0.5,1.0,1.0,False
malicious_client_recall,natural,multiclass_partial_cycle,5,5,5,0.5,0.5,1.0,1.0,False
malicious_client_recall,natural,multiclass_partial_cycle,6,5,5,0.5,0.5,1.0,1.0,False
malicious_client_recall,natural,multiclass_partial_cycle,7,5,5,0.5,0.5,1.0,1.0,False
malicious_client_recall,natural,multiclass_partial_cycle,8,5,5,0.5,0.5,1.0,1.0,False
malicious_client_recall,natural,pairwise_swap,5,5,5,0.475,0.5,0.975,1.0,False
malicious_client_recall,natural,pairwise_swap,6,5,5,0.5,0.5,1.0,1.0,False
malicious_client_recall,natural,pairwise_swap,7,5,5,0.475,0.5,0.975,1.0,False
malicious_client_recall,natural,pairwise_swap,8,5,5,0.475,0.5,0.975,1.0,False
malicious_client_recall,natural,random_flip,5,5,5,0.5,0.5,1.0,1.0,False
malicious_client_recall,natural,random_flip,6,5,5,0.5,0.5,1.0,1.0,False
malicious_client_recall,natural,random_flip,7,5,5,0.5,0.5,1.0,1.0,False
malicious_client_recall,natural,random_flip,8,5,5,0.5,0.5,1.0,1.0,False
benign_client_fpr,diagnostic,all_to_one_benign,5,5,5,-0.0166666666666666,0.05,0.0666666666666666,0.0,False
benign_client_fpr,diagnostic,all_to_one_benign,6,5,5,-0.0499999999999999,0.05,0.0999999999999999,0.0,False
benign_client_fpr,diagnostic,all_to_one_benign,7,5,5,-0.0333333333333333,-0.0333333333333333,0.0833333333333333,0.0833333333333333,False
benign_client_fpr,diagnostic,all_to_one_benign,8,5,5,-0.0833333333333333,-0.1166666666666666,0.1333333333333333,0.1666666666666666,False
benign_client_fpr,diagnostic,cyclic_shift,5,5,5,0.05,0.05,0.0,0.0,False
benign_client_fpr,diagnostic,cyclic_shift,6,5,5,0.05,0.05,0.0,0.0,False
benign_client_fpr,diagnostic,cyclic_shift,7,5,5,0.05,0.05,0.0,0.0,False
benign_client_fpr,diagnostic,cyclic_shift,8,5,5,0.05,0.05,0.0,0.0,False
benign_client_fpr,diagnostic,multiclass_partial_cycle,5,5,5,0.05,0.05,0.0,0.0,False
benign_client_fpr,diagnostic,multiclass_partial_cycle,6,5,5,0.05,0.05,0.0,0.0,False
benign_client_fpr,diagnostic,multiclass_partial_cycle,7,5,5,0.05,0.05,0.0,0.0,False
benign_client_fpr,diagnostic,multiclass_partial_cycle,8,5,5,0.05,0.05,0.0,0.0,False
benign_client_fpr,diagnostic,pairwise_swap,5,5,5,0.05,0.05,0.0,0.0,False
benign_client_fpr,diagnostic,pairwise_swap,6,5,5,0.05,0.05,0.0,0.0,False
benign_client_fpr,diagnostic,pairwise_swap,7,5,5,0.05,0.05,0.0,0.0,False
benign_client_fpr,diagnostic,pairwise_swap,8,5,5,0.05,0.05,0.0,0.0,False
benign_client_fpr,diagnostic,random_flip,5,5,5,0.05,0.05,0.0,0.0,False
benign_client_fpr,diagnostic,random_flip,6,5,5,0.05,0.05,0.0,0.0,False
benign_client_fpr,diagnostic,random_flip,7,5,5,0.05,0.05,0.0,0.0,False
benign_client_fpr,diagnostic,random_flip,8,5,5,0.05,0.05,0.0,0.0,False
benign_client_fpr,natural,all_to_one_benign,5,5,5,-0.0166666666666666,0.05,0.0666666666666666,0.0,False
benign_client_fpr,natural,all_to_one_benign,6,5,5,-0.0499999999999999,0.05,0.0999999999999999,0.0,False
benign_client_fpr,natural,all_to_one_benign,7,5,5,-0.0333333333333333,-0.0333333333333333,0.0833333333333333,0.0833333333333333,False
benign_client_fpr,natural,all_to_one_benign,8,5,5,-0.0833333333333333,-0.1166666666666666,0.1333333333333333,0.1666666666666666,False
benign_client_fpr,natural,cyclic_shift,5,5,5,0.05,0.05,0.0,0.0,False
benign_client_fpr,natural,cyclic_shift,6,5,5,0.05,0.05,0.0,0.0,False
benign_client_fpr,natural,cyclic_shift,7,5,5,0.05,0.05,0.0,0.0,False
benign_client_fpr,natural,cyclic_shift,8,5,5,0.05,0.05,0.0,0.0,False
benign_client_fpr,natural,multiclass_partial_cycle,5,5,5,0.05,0.05,0.0,0.0,False
benign_client_fpr,natural,multiclass_partial_cycle,6,5,5,0.05,0.05,0.0,0.0,False
benign_client_fpr,natural,multiclass_partial_cycle,7,5,5,0.05,0.05,0.0,0.0,False
benign_client_fpr,natural,multiclass_partial_cycle,8,5,5,0.05,0.05,0.0,0.0,False
benign_client_fpr,natural,pairwise_swap,5,5,5,0.05,0.05,0.0,0.0,False
benign_client_fpr,natural,pairwise_swap,6,5,5,0.05,0.05,0.0,0.0,False
benign_client_fpr,natural,pairwise_swap,7,5,5,0.05,0.05,0.0,0.0,False
benign_client_fpr,natural,pairwise_swap,8,5,5,0.05,0.05,0.0,0.0,False
benign_client_fpr,natural,random_flip,5,5,5,0.05,0.05,0.0,0.0,False
benign_client_fpr,natural,random_flip,6,5,5,0.05,0.05,0.0,0.0,False
benign_client_fpr,natural,random_flip,7,5,5,0.05,0.05,0.0,0.0,False
benign_client_fpr,natural,random_flip,8,5,5,0.05,0.05,0.0,0.0,False
