call_index,case_id,repetition,status
1,seed_123__A_development_anchor__size_10,1,completed
2,seed_123__A_development_anchor__size_10,2,completed
3,seed_123__A_development_anchor__size_10,3,completed
4,seed_123__B_hash_ranked__size_10,1,completed
5,seed_123__B_hash_ranked__size_10,2,completed
6,seed_123__B_hash_ranked__size_10,3,completed
7,seed_123__C_hash_ranked__size_10,1,completed
8,seed_123__C_hash_ranked__size_10,2,completed
9,seed_123__C_hash_ranked__size_10,3,completed
10,seed_2026__A_development_anchor__size_10,1,completed
11,seed_2026__A_development_anchor__size_10,2,completed
12,seed_2026__A_development_anchor__size_10,3,completed
13,seed_2026__B_hash_ranked__size_10,1,completed
14,seed_2026__B_hash_ranked__size_10,2,completed
15,seed_2026__B_hash_ranked__size_10,3,completed
16,seed_2026__C_hash_ranked__size_10,1,completed
17,seed_2026__C_hash_ranked__size_10,2,completed
18,seed_2026__C_hash_ranked__size_10,3,completed
19,seed_7__A_development_anchor__size_10,1,completed
20,seed_7__A_development_anchor__size_10,2,completed
21,seed_7__A_development_anchor__size_10,3,completed
22,seed_7__B_hash_ranked__size_10,1,completed
23,seed_7__B_hash_ranked__size_10,2,completed
24,seed_7__B_hash_ranked__size_10,3,completed
25,seed_7__C_hash_ranked__size_10,1,completed
26,seed_7__C_hash_ranked__size_10,2,completed
27,seed_7__C_hash_ranked__size_10,3,completed
28,seed_99__A_development_anchor__size_10,1,completed
29,seed_99__A_development_anchor__size_10,2,completed
30,seed_99__A_development_anchor__size_10,3,completed
31,seed_99__B_hash_ranked__size_10,1,completed
32,seed_99__B_hash_ranked__size_10,2,completed
33,seed_99__B_hash_ranked__size_10,3,completed
34,seed_99__C_hash_ranked__size_10,1,completed
35,seed_99__C_hash_ranked__size_10,2,completed
36,seed_99__C_hash_ranked__size_10,3,completed
