family_id,coalition_size,selected_clients,selected_source_rows,global_source_rows,global_source_exposure_fraction,minimum_selected_client_source_rows,maximum_selected_client_source_rows,coalition_hash_sha256
A_development_anchor,1,7,11703,79990,0.1463057882235279,11703,11703,29e2e7d57a2211f44077d1017c6354cdd6378fdd5b035e65f96150053e8eb0f3
A_development_anchor,2,7|15,15135,79990,0.1892111513939242,3432,11703,35dc43aa14a38cd046650b1f25e772197fb9f25278538f83a9aaacca235c9555
A_development_anchor,4,1|7|14|15,32942,79990,0.4118264783097887,3432,12067,dcab69ee1d7e9b3132168f1c08ba950a84411263472846e7554751322aba732a
A_development_anchor,6,1|7|10|14|15|18,44979,79990,0.5623077884735592,3033,12067,693fa3fcf63b548fb89a003b00b7cbcb43f6b1aeaddfcc649026150b2a562aa7
A_development_anchor,8,1|7|8|10|14|15|17|18,49310,79990,0.6164520565070634,1755,12067,742494843cc211e0d11c86aa05931ea09514c8aa229a426f0c848de581c72245
A_development_anchor,10,1|7|8|10|13|14|15|17|18|19,63535,79990,0.794286785848231,1755,12067,de1a7887075add38ec60f878fc601f43e4f2147de2aba557f33a63cac4f50bb0
B_hash_ranked,1,19,10493,79990,0.1311788973621702,10493,10493,69e393023098d1a929b8910c800408438fc1a6ba5ba0bf03c25a1d4098f85be2
B_hash_ranked,2,16|19,20225,79990,0.2528441055131891,9732,10493,899ec3808749bb578dad3cd5b96a3cd9dd85c79555e73f96b83d8d9ce8f4dca3
B_hash_ranked,4,13|15|16|19,27389,79990,0.3424053006625828,3432,10493,7be69fa068da37c9f52f41351bedd5a65b7da17f4a4f77361578bb4d71e9690a
B_hash_ranked,6,5|7|13|15|16|19,40160,79990,0.5020627578447306,1068,11703,903bec25550246430499ad4bff1e71c8fedaf74d8520aa911850919f5f86baeb
B_hash_ranked,8,5|7|8|10|13|15|16|19,44948,79990,0.5619202400300037,1068,11703,c8b0bd8177d4575768b29a318dd16b314bd353b12fd72ec555865c54614d99a0
B_hash_ranked,10,5|7|8|10|13|14|15|16|18|19,59692,79990,0.7462432804100513,1068,11703,3552fa14a4f9917ffe20a09bf2a61c11d0e089205ea0106be665c3865cadc179
C_hash_ranked,1,8,1755,79990,0.0219402425303162,1755,1755,1adf49df5786391b4820bf1bde0607aac27fde34632bbf01fd2f6918ee3e1c88
C_hash_ranked,2,8|16,11487,79990,0.1436054506813351,1755,9732,9347f66a68b372225528417ebdc9a16d4b34667ef23220877b67ad56dfc4e452
C_hash_ranked,4,3|5|8|16,16083,79990,0.2010626328291036,1068,9732,941febe4fcc2eb538be9e595aa1706b452b5e76b809864f1607c49b1070d9e89
C_hash_ranked,6,1|3|5|8|16|18,37154,79990,0.4644830603825478,1068,12067,e536b58a40b26950543ab4eda1f8d5651c35d33dea739db0d27e9879e9400a4e
C_hash_ranked,8,1|3|5|7|8|15|16|18,52289,79990,0.653694211776472,1068,12067,676ea42612b0f31419bb5e78b2110cf9ec45a1a348b774d2f55c94fdc6d98d2e
C_hash_ranked,10,1|3|5|7|8|14|15|16|18|19,68522,79990,0.8566320790098763,1068,12067,3f6725a44f14853874791b25c93070116028e290e056132697919c585856ced8
