client_id,is_malicious,client_rows,eligible_rows,poisoned_rows,changed_rows_verified,client_poison_rate_over_eligible,client_poison_rate_over_all_rows,attack_type
0,False,51858,48204,0,0,0.0,0.0,all_to_one_benign
1,True,54356,54240,27120,27120,0.5,0.4989329604827434,all_to_one_benign
2,False,5411,4413,0,0,0.0,0.0,all_to_one_benign
3,False,9927,8796,0,0,0.0,0.0,all_to_one_benign
4,False,18308,11064,0,0,0.0,0.0,all_to_one_benign
5,False,12303,8114,0,0,0.0,0.0,all_to_one_benign
6,False,14905,5353,0,0,0.0,0.0,all_to_one_benign
7,True,20029,18352,9176,9176,0.5,0.45813570323031605,all_to_one_benign
8,True,14521,14386,7193,7193,0.5,0.49535155980993045,all_to_one_benign
9,False,68254,54798,0,0,0.0,0.0,all_to_one_benign
10,True,15345,15324,7662,7662,0.5,0.49931573802541546,all_to_one_benign
11,False,47166,26828,0,0,0.0,0.0,all_to_one_benign
12,False,22111,21726,0,0,0.0,0.0,all_to_one_benign
13,False,29659,27973,0,0,0.0,0.0,all_to_one_benign
14,True,12716,11319,5660,5660,0.5000441735135612,0.44510852469329976,all_to_one_benign
15,True,6561,6474,3237,3237,0.5,0.49336991312299955,all_to_one_benign
16,False,19036,12855,0,0,0.0,0.0,all_to_one_benign
17,True,22629,16458,8229,8229,0.5,0.3636484157497017,all_to_one_benign
18,True,16773,16020,8010,8010,0.5,0.47755321051690214,all_to_one_benign
19,False,21866,21052,0,0,0.0,0.0,all_to_one_benign
