family_id,coalition_size,mean_plain_attack_excess,mean_damage_removed_fraction,mean_malicious_recall,maximum_benign_fpr
A_development_anchor,1,0.0028661982396479234,1.4079053685852267,1.0,0.0526315789473684
A_development_anchor,2,0.0061356021204240895,1.20896875570771,1.0,0.0
A_development_anchor,4,0.04109884476895377,0.6601264966416595,1.0,0.0
A_development_anchor,6,0.07204565913182635,0.5663874871752417,1.0,0.0
A_development_anchor,8,0.12116173234646929,0.8150057330005185,0.9921875,0.0
A_development_anchor,10,0.5567707291458291,0.8832760771953087,0.99375,0.1
B_hash_ranked,1,0.011524179835967185,1.1495562909291754,1.0,0.1052631578947368
B_hash_ranked,2,0.015906306261252244,1.322158102045668,1.0,0.1111111111111111
B_hash_ranked,4,0.02451115223044608,0.8534366740962281,1.0,0.0625
B_hash_ranked,6,0.03792946089217843,0.8750611491596462,1.0,0.0714285714285714
B_hash_ranked,8,0.057808436687337456,0.7949949753036043,0.9921875,0.0833333333333333
B_hash_ranked,10,0.11455416083216642,0.8360924201523626,0.99375,0.1
C_hash_ranked,1,0.002072289457891577,1.1102934102934143,0.9375,0.1052631578947368
C_hash_ranked,2,0.005951190238047596,1.8714198547591092,0.96875,0.1111111111111111
C_hash_ranked,4,0.0070795409081816345,2.4690473348807638,0.984375,0.125
C_hash_ranked,6,0.05658631726345268,0.8962697094678804,0.9895833333333334,0.1428571428571428
C_hash_ranked,8,0.10376137727545508,0.9391306670632353,0.9921875,0.0833333333333333
C_hash_ranked,10,0.30648004600920187,0.9473291493891647,0.99375,0.1
