phase,candidate_id,attack_seed,model_seed,poison_fraction,label_policy,deployment_policy,target_class,source_scope,malicious_clients,post_warmup_rounds,plain_fedavg_required,trusted_reconstruction_required,test_arrays_permitted
primary_dirty_label_qualification,multi_flow_iat_bundle__exact_template__donor_00,7,7,0.01,dirty_label_all_nonbenign_to_benign,centralized_full_trigger,Benign,all_seven_nonbenign_classes,1|7|8|10|14|15|17|18,4,True,False,False
primary_dirty_label_qualification,multi_flow_iat_bundle__exact_template__donor_00,7,7,0.05,dirty_label_all_nonbenign_to_benign,centralized_full_trigger,Benign,all_seven_nonbenign_classes,1|7|8|10|14|15|17|18,4,True,False,False
primary_dirty_label_qualification,multi_flow_iat_bundle__exact_template__donor_00,7,7,0.1,dirty_label_all_nonbenign_to_benign,centralized_full_trigger,Benign,all_seven_nonbenign_classes,1|7|8|10|14|15|17|18,4,True,False,False
primary_dirty_label_qualification,multi_flow_iat_bundle__exact_template__donor_00,7,7,0.2,dirty_label_all_nonbenign_to_benign,centralized_full_trigger,Benign,all_seven_nonbenign_classes,1|7|8|10|14|15|17|18,4,True,False,False
primary_dirty_label_qualification,multi_flow_iat_bundle__low_intensity_template__donor_00,7,7,0.01,dirty_label_all_nonbenign_to_benign,centralized_full_trigger,Benign,all_seven_nonbenign_classes,1|7|8|10|14|15|17|18,4,True,False,False
primary_dirty_label_qualification,multi_flow_iat_bundle__low_intensity_template__donor_00,7,7,0.05,dirty_label_all_nonbenign_to_benign,centralized_full_trigger,Benign,all_seven_nonbenign_classes,1|7|8|10|14|15|17|18,4,True,False,False
primary_dirty_label_qualification,multi_flow_iat_bundle__low_intensity_template__donor_00,7,7,0.1,dirty_label_all_nonbenign_to_benign,centralized_full_trigger,Benign,all_seven_nonbenign_classes,1|7|8|10|14|15|17|18,4,True,False,False
primary_dirty_label_qualification,multi_flow_iat_bundle__low_intensity_template__donor_00,7,7,0.2,dirty_label_all_nonbenign_to_benign,centralized_full_trigger,Benign,all_seven_nonbenign_classes,1|7|8|10|14|15|17|18,4,True,False,False
primary_dirty_label_qualification,multi_fwd_packet_length_bundle__low_intensity_template__donor_09,7,7,0.01,dirty_label_all_nonbenign_to_benign,centralized_full_trigger,Benign,all_seven_nonbenign_classes,1|7|8|10|14|15|17|18,4,True,False,False
primary_dirty_label_qualification,multi_fwd_packet_length_bundle__low_intensity_template__donor_09,7,7,0.05,dirty_label_all_nonbenign_to_benign,centralized_full_trigger,Benign,all_seven_nonbenign_classes,1|7|8|10|14|15|17|18,4,True,False,False
primary_dirty_label_qualification,multi_fwd_packet_length_bundle__low_intensity_template__donor_09,7,7,0.1,dirty_label_all_nonbenign_to_benign,centralized_full_trigger,Benign,all_seven_nonbenign_classes,1|7|8|10|14|15|17|18,4,True,False,False
primary_dirty_label_qualification,multi_fwd_packet_length_bundle__low_intensity_template__donor_09,7,7,0.2,dirty_label_all_nonbenign_to_benign,centralized_full_trigger,Benign,all_seven_nonbenign_classes,1|7|8|10|14|15|17|18,4,True,False,False
primary_dirty_label_qualification,multi_bwd_packet_length_bundle__low_intensity_template__donor_12,7,7,0.01,dirty_label_all_nonbenign_to_benign,centralized_full_trigger,Benign,all_seven_nonbenign_classes,1|7|8|10|14|15|17|18,4,True,False,False
primary_dirty_label_qualification,multi_bwd_packet_length_bundle__low_intensity_template__donor_12,7,7,0.05,dirty_label_all_nonbenign_to_benign,centralized_full_trigger,Benign,all_seven_nonbenign_classes,1|7|8|10|14|15|17|18,4,True,False,False
primary_dirty_label_qualification,multi_bwd_packet_length_bundle__low_intensity_template__donor_12,7,7,0.1,dirty_label_all_nonbenign_to_benign,centralized_full_trigger,Benign,all_seven_nonbenign_classes,1|7|8|10|14|15|17|18,4,True,False,False
primary_dirty_label_qualification,multi_bwd_packet_length_bundle__low_intensity_template__donor_12,7,7,0.2,dirty_label_all_nonbenign_to_benign,centralized_full_trigger,Benign,all_seven_nonbenign_classes,1|7|8|10|14|15|17|18,4,True,False,False
primary_dirty_label_qualification,multi_init_windows__exact_template__donor_01,7,7,0.01,dirty_label_all_nonbenign_to_benign,centralized_full_trigger,Benign,all_seven_nonbenign_classes,1|7|8|10|14|15|17|18,4,True,False,False
primary_dirty_label_qualification,multi_init_windows__exact_template__donor_01,7,7,0.05,dirty_label_all_nonbenign_to_benign,centralized_full_trigger,Benign,all_seven_nonbenign_classes,1|7|8|10|14|15|17|18,4,True,False,False
primary_dirty_label_qualification,multi_init_windows__exact_template__donor_01,7,7,0.1,dirty_label_all_nonbenign_to_benign,centralized_full_trigger,Benign,all_seven_nonbenign_classes,1|7|8|10|14|15|17|18,4,True,False,False
primary_dirty_label_qualification,multi_init_windows__exact_template__donor_01,7,7,0.2,dirty_label_all_nonbenign_to_benign,centralized_full_trigger,Benign,all_seven_nonbenign_classes,1|7|8|10|14|15|17|18,4,True,False,False
primary_dirty_label_qualification,multi_active_idle_bundle__exact_template__donor_18,7,7,0.01,dirty_label_all_nonbenign_to_benign,centralized_full_trigger,Benign,all_seven_nonbenign_classes,1|7|8|10|14|15|17|18,4,True,False,False
primary_dirty_label_qualification,multi_active_idle_bundle__exact_template__donor_18,7,7,0.05,dirty_label_all_nonbenign_to_benign,centralized_full_trigger,Benign,all_seven_nonbenign_classes,1|7|8|10|14|15|17|18,4,True,False,False
primary_dirty_label_qualification,multi_active_idle_bundle__exact_template__donor_18,7,7,0.1,dirty_label_all_nonbenign_to_benign,centralized_full_trigger,Benign,all_seven_nonbenign_classes,1|7|8|10|14|15|17|18,4,True,False,False
primary_dirty_label_qualification,multi_active_idle_bundle__exact_template__donor_18,7,7,0.2,dirty_label_all_nonbenign_to_benign,centralized_full_trigger,Benign,all_seven_nonbenign_classes,1|7|8|10|14|15|17|18,4,True,False,False
