check,passed,detail
plan_has_36_calls,True,36
plan_has_12_cases,True,
plan_three_repeats_each,True,
execution_complete,True,
execution_completed_reports_36,True,
execution_maximum_calls_36,True,
execution_best_selection_false,True,
execution_training_false,True,
execution_new_shap_zero,True,
execution_reserved_arrays_false,True,
final_report_files_36,True,36
narrative_files_36,True,36
metadata_files_36,True,36
completion_markers_36,True,36
attempt_journals_36,True,36
progress_rows_36,True,
all_narratives_schema_valid,True,
all_final_reports_schema_valid,True,
all_locked_content_exact,True,
all_executive_summaries_digit_free,True,
all_file_hashes_exact,True,
all_completion_markers_valid,True,
all_attempt_journals_completed,True,
all_metadata_contracts_exact,True,
all_usage_positive,True,
all_reported_numbers_grounded,True,
all_required_facts_covered,True,
api_calls_exactly_36,True,36
response_ids_present,True,
response_ids_unique,True,
repeat_numeric_consistency_recomputed,True,1.000000000000
repeat_numeric_consistency_exact_one,True,1.000000000000
summary_metrics_rows_36,True,
summary_gates_rows_10,True,
summary_gates_all_passed,True,
summary_decision_pass,True,
summary_human_review_pending,True,
summary_superiority_blocked,True,
summary_task61_failure_retained,True,
summary_ready_for_review,True,
cost_recomputed,True,0.126264000
cost_within_ceiling,True,0.126264000
public_review_manifest_24,True,
blinded_items_24,True,
reviewer_one_template_24,True,
reviewer_two_template_24,True,
public_manifest_hides_condition,True,
private_blinding_key_retained,True,
human_instructions_present,True,
runner_sets_max_retries_zero,True,
runner_journals_before_api_call,True,
runner_blocks_unresolved_attempt,True,
runner_uses_structured_parse,True,
runner_rejects_incomplete_status,True,
runner_does_not_enable_tools,True,
no_api_key_in_metadata,True,
