family_id,coalition_size,seed,state,path,bytes,sha256,input_dim,hidden_width,num_classes,global_round,partition_hash,poison_index_hash
shared,10,7,clean_reference,C:\Users\Amm\LFighter-research\results\cic_iot_diad_true_warmup_anchor_v3101_multiseed\seed_7\warmup\checkpoints\common_round4_warmup_model.pt,3397813,6932b93e1a91dd82715595caecd99f15995b072d8c21c2e41ebaea30b06f7c63,69,256,8,4,5f14674b0c775f06c3400c5e1e3b9649b78c82d4257c2293411f5c6fe53bed48,
shared,10,99,clean_reference,C:\Users\Amm\LFighter-research\results\cic_iot_diad_true_warmup_anchor_v3101_multiseed\seed_99\warmup\checkpoints\common_round4_warmup_model.pt,3397813,2e6736f8b96602614e3589fff8622e79878912deee2de64fe7c0e23121f3834f,69,256,8,4,5f14674b0c775f06c3400c5e1e3b9649b78c82d4257c2293411f5c6fe53bed48,
shared,10,123,clean_reference,C:\Users\Amm\LFighter-research\results\cic_iot_diad_true_warmup_anchor_v3101_multiseed\seed_123\warmup\checkpoints\common_round4_warmup_model.pt,3397813,5a34234aad95ba4befaaf72d9a3b4dfe027af8b6635c1874da4571d0120f3263,69,256,8,4,5f14674b0c775f06c3400c5e1e3b9649b78c82d4257c2293411f5c6fe53bed48,
shared,10,2026,clean_reference,C:\Users\Amm\LFighter-research\results\cic_iot_diad_true_warmup_anchor_v3101_multiseed\seed_2026\warmup\checkpoints\common_round4_warmup_model.pt,3397813,911b6b22ec5e48dd988581eb349c9de3f8cf289b8efc7210b8ed746fb58e0e11,69,256,8,4,5f14674b0c775f06c3400c5e1e3b9649b78c82d4257c2293411f5c6fe53bed48,
A_development_anchor,10,7,suspicious,C:\Users\Amm\LFighter-research\results\cic_iot_diad_task45_c2_seed7_v416\A_development_anchor\size_10\seed_7\plain_attack\checkpoints\continuation_last_round_model.pt,3397869,b38a8bad913be6955cc9956ea2f3d73649718af9f2b1a2d49448fe78eba047d1,69,256,8,8,5f14674b0c775f06c3400c5e1e3b9649b78c82d4257c2293411f5c6fe53bed48,fa626e472688d23d7bfeecc6a7e8b63d4bb8477d3fbabafa652357c3210efe45
A_development_anchor,10,7,reconstructed,C:\Users\Amm\LFighter-research\results\cic_iot_diad_task45_c2_seed7_v416\A_development_anchor\size_10\seed_7\trusted_reconstruction\checkpoints\reconstruction_last_round_model.pt,3398013,0b82667c01f54ab3557e78413ae04307b1ca0dfc368b6d79cf90349edf1eb873,69,256,8,8,5f14674b0c775f06c3400c5e1e3b9649b78c82d4257c2293411f5c6fe53bed48,fa626e472688d23d7bfeecc6a7e8b63d4bb8477d3fbabafa652357c3210efe45
B_hash_ranked,10,7,suspicious,C:\Users\Amm\LFighter-research\results\cic_iot_diad_task45_c2_seed7_v416\B_hash_ranked\size_10\seed_7\plain_attack\checkpoints\continuation_last_round_model.pt,3397869,f356c3f6545b4ac93b802178983b0ab45f4b74bcf781bf9923b888e7aa3b4a52,69,256,8,8,5f14674b0c775f06c3400c5e1e3b9649b78c82d4257c2293411f5c6fe53bed48,aab37c2383a276e9ba33492a33a131f61dd2d93026bda215503439acddd29955
B_hash_ranked,10,7,reconstructed,C:\Users\Amm\LFighter-research\results\cic_iot_diad_task45_c2_seed7_v416\B_hash_ranked\size_10\seed_7\trusted_reconstruction\checkpoints\reconstruction_last_round_model.pt,3398013,01e732046fdab599d0c549ba2fd09829fa11e8bc5123c8f5970b0e8cf5c5e84a,69,256,8,8,5f14674b0c775f06c3400c5e1e3b9649b78c82d4257c2293411f5c6fe53bed48,aab37c2383a276e9ba33492a33a131f61dd2d93026bda215503439acddd29955
C_hash_ranked,10,7,suspicious,C:\Users\Amm\LFighter-research\results\cic_iot_diad_task45_c2_seed7_v416\C_hash_ranked\size_10\seed_7\plain_attack\checkpoints\continuation_last_round_model.pt,3397869,56c92ce048f006123cb0a8f5893b5eee436f1d33a4c60a3302b369315192ce5d,69,256,8,8,5f14674b0c775f06c3400c5e1e3b9649b78c82d4257c2293411f5c6fe53bed48,332f9b2c9e43891a4238af8a3aec4421868b7bcafcdf977ba70f28eaa34f667d
C_hash_ranked,10,7,reconstructed,C:\Users\Amm\LFighter-research\results\cic_iot_diad_task45_c2_seed7_v416\C_hash_ranked\size_10\seed_7\trusted_reconstruction\checkpoints\reconstruction_last_round_model.pt,3398013,6a15e61f793ac708a5246bb65e02359851aea091a865619149fa654a33d110b6,69,256,8,8,5f14674b0c775f06c3400c5e1e3b9649b78c82d4257c2293411f5c6fe53bed48,332f9b2c9e43891a4238af8a3aec4421868b7bcafcdf977ba70f28eaa34f667d
A_development_anchor,10,99,suspicious,C:\Users\Amm\LFighter-research\results\cic_iot_diad_task45_c3_multiseed_v416\A_development_anchor\size_10\seed_99\plain_attack\checkpoints\continuation_last_round_model.pt,3397869,027d42ba794f748efb0da634d27713a88b84f9420debf57f423a41fbac44d704,69,256,8,8,5f14674b0c775f06c3400c5e1e3b9649b78c82d4257c2293411f5c6fe53bed48,fa626e472688d23d7bfeecc6a7e8b63d4bb8477d3fbabafa652357c3210efe45
A_development_anchor,10,99,reconstructed,C:\Users\Amm\LFighter-research\results\cic_iot_diad_task45_c3_multiseed_v416\A_development_anchor\size_10\seed_99\trusted_reconstruction\checkpoints\reconstruction_last_round_model.pt,3398013,f6684c18b9b7ca243192e367f661adef550a8ba128ff1de0270491b5e19facdd,69,256,8,8,5f14674b0c775f06c3400c5e1e3b9649b78c82d4257c2293411f5c6fe53bed48,fa626e472688d23d7bfeecc6a7e8b63d4bb8477d3fbabafa652357c3210efe45
B_hash_ranked,10,99,suspicious,C:\Users\Amm\LFighter-research\results\cic_iot_diad_task45_c3_multiseed_v416\B_hash_ranked\size_10\seed_99\plain_attack\checkpoints\continuation_last_round_model.pt,3397869,c52c01f3a37633859496c981721e7ecf298a4cb835888b25ea50886abd16d111,69,256,8,8,5f14674b0c775f06c3400c5e1e3b9649b78c82d4257c2293411f5c6fe53bed48,aab37c2383a276e9ba33492a33a131f61dd2d93026bda215503439acddd29955
B_hash_ranked,10,99,reconstructed,C:\Users\Amm\LFighter-research\results\cic_iot_diad_task45_c3_multiseed_v416\B_hash_ranked\size_10\seed_99\trusted_reconstruction\checkpoints\reconstruction_last_round_model.pt,3398013,78471fd172cafb9cb0f420b94d23112d08db650d8f21c863b17b8ee0c7418e7d,69,256,8,8,5f14674b0c775f06c3400c5e1e3b9649b78c82d4257c2293411f5c6fe53bed48,aab37c2383a276e9ba33492a33a131f61dd2d93026bda215503439acddd29955
C_hash_ranked,10,99,suspicious,C:\Users\Amm\LFighter-research\results\cic_iot_diad_task45_c3_multiseed_v416\C_hash_ranked\size_10\seed_99\plain_attack\checkpoints\continuation_last_round_model.pt,3397869,b9cb6323424429a6088f95d700e661173fcad057f695ea9fb8ab6fc3500e8a03,69,256,8,8,5f14674b0c775f06c3400c5e1e3b9649b78c82d4257c2293411f5c6fe53bed48,332f9b2c9e43891a4238af8a3aec4421868b7bcafcdf977ba70f28eaa34f667d
C_hash_ranked,10,99,reconstructed,C:\Users\Amm\LFighter-research\results\cic_iot_diad_task45_c3_multiseed_v416\C_hash_ranked\size_10\seed_99\trusted_reconstruction\checkpoints\reconstruction_last_round_model.pt,3398013,21d471455ed16ec00202158b22e6670ba06b22e9a6bb61f66bc937868a61ecf3,69,256,8,8,5f14674b0c775f06c3400c5e1e3b9649b78c82d4257c2293411f5c6fe53bed48,332f9b2c9e43891a4238af8a3aec4421868b7bcafcdf977ba70f28eaa34f667d
A_development_anchor,10,123,suspicious,C:\Users\Amm\LFighter-research\results\cic_iot_diad_task45_c3_multiseed_v416\A_development_anchor\size_10\seed_123\plain_attack\checkpoints\continuation_last_round_model.pt,3397869,a9982d300b99c094bd8588b02bfa06f28b6806282abdb7997b82e1ee8978d406,69,256,8,8,5f14674b0c775f06c3400c5e1e3b9649b78c82d4257c2293411f5c6fe53bed48,fa626e472688d23d7bfeecc6a7e8b63d4bb8477d3fbabafa652357c3210efe45
A_development_anchor,10,123,reconstructed,C:\Users\Amm\LFighter-research\results\cic_iot_diad_task45_c3_multiseed_v416\A_development_anchor\size_10\seed_123\trusted_reconstruction\checkpoints\reconstruction_last_round_model.pt,3398013,184b9c8561a086483e977cfa84f326451dd9779cff622ce8eeafb982f435a4ec,69,256,8,8,5f14674b0c775f06c3400c5e1e3b9649b78c82d4257c2293411f5c6fe53bed48,fa626e472688d23d7bfeecc6a7e8b63d4bb8477d3fbabafa652357c3210efe45
B_hash_ranked,10,123,suspicious,C:\Users\Amm\LFighter-research\results\cic_iot_diad_task45_c3_multiseed_v416\B_hash_ranked\size_10\seed_123\plain_attack\checkpoints\continuation_last_round_model.pt,3397869,d6ea984d5041942f5d8db4a85cbecc66d8d002dadd8a9e9b469017a8df6cb0ed,69,256,8,8,5f14674b0c775f06c3400c5e1e3b9649b78c82d4257c2293411f5c6fe53bed48,aab37c2383a276e9ba33492a33a131f61dd2d93026bda215503439acddd29955
B_hash_ranked,10,123,reconstructed,C:\Users\Amm\LFighter-research\results\cic_iot_diad_task45_c3_multiseed_v416\B_hash_ranked\size_10\seed_123\trusted_reconstruction\checkpoints\reconstruction_last_round_model.pt,3398013,8590fb6750255fdfc7459752d4612ff0b6a00b7649edb04e1fa0a22550393cf1,69,256,8,8,5f14674b0c775f06c3400c5e1e3b9649b78c82d4257c2293411f5c6fe53bed48,aab37c2383a276e9ba33492a33a131f61dd2d93026bda215503439acddd29955
C_hash_ranked,10,123,suspicious,C:\Users\Amm\LFighter-research\results\cic_iot_diad_task45_c3_multiseed_v416\C_hash_ranked\size_10\seed_123\plain_attack\checkpoints\continuation_last_round_model.pt,3397869,3a4c80a39cb0d5d0509aee31d3772760b63b81cd9343e5243b311b26d2645006,69,256,8,8,5f14674b0c775f06c3400c5e1e3b9649b78c82d4257c2293411f5c6fe53bed48,332f9b2c9e43891a4238af8a3aec4421868b7bcafcdf977ba70f28eaa34f667d
C_hash_ranked,10,123,reconstructed,C:\Users\Amm\LFighter-research\results\cic_iot_diad_task45_c3_multiseed_v416\C_hash_ranked\size_10\seed_123\trusted_reconstruction\checkpoints\reconstruction_last_round_model.pt,3398013,6d72601d7c34b3364b36a3f06977ab559d1969d4ef2ab4ba3eee350fbf0d7b30,69,256,8,8,5f14674b0c775f06c3400c5e1e3b9649b78c82d4257c2293411f5c6fe53bed48,332f9b2c9e43891a4238af8a3aec4421868b7bcafcdf977ba70f28eaa34f667d
A_development_anchor,10,2026,suspicious,C:\Users\Amm\LFighter-research\results\cic_iot_diad_task45_c3_multiseed_v416\A_development_anchor\size_10\seed_2026\plain_attack\checkpoints\continuation_last_round_model.pt,3397869,b9d26b15a8342fee9250dc1a669e40f4206b5d71af19cffd30ae8a90c2cd7071,69,256,8,8,5f14674b0c775f06c3400c5e1e3b9649b78c82d4257c2293411f5c6fe53bed48,fa626e472688d23d7bfeecc6a7e8b63d4bb8477d3fbabafa652357c3210efe45
A_development_anchor,10,2026,reconstructed,C:\Users\Amm\LFighter-research\results\cic_iot_diad_task45_c3_multiseed_v416\A_development_anchor\size_10\seed_2026\trusted_reconstruction\checkpoints\reconstruction_last_round_model.pt,3398013,972fc71e05b3ea72c289487079e682e53c736903b60f15469537fde8ea965041,69,256,8,8,5f14674b0c775f06c3400c5e1e3b9649b78c82d4257c2293411f5c6fe53bed48,fa626e472688d23d7bfeecc6a7e8b63d4bb8477d3fbabafa652357c3210efe45
B_hash_ranked,10,2026,suspicious,C:\Users\Amm\LFighter-research\results\cic_iot_diad_task45_c3_multiseed_v416\B_hash_ranked\size_10\seed_2026\plain_attack\checkpoints\continuation_last_round_model.pt,3397869,2d81290b6851723866d0cc35552bb8a15c86f7e4ba3b1136a38abe10dfda6573,69,256,8,8,5f14674b0c775f06c3400c5e1e3b9649b78c82d4257c2293411f5c6fe53bed48,aab37c2383a276e9ba33492a33a131f61dd2d93026bda215503439acddd29955
B_hash_ranked,10,2026,reconstructed,C:\Users\Amm\LFighter-research\results\cic_iot_diad_task45_c3_multiseed_v416\B_hash_ranked\size_10\seed_2026\trusted_reconstruction\checkpoints\reconstruction_last_round_model.pt,3398013,490dd6abcb3e9445fa46676441d706f7022659a840075687368783f126eb489b,69,256,8,8,5f14674b0c775f06c3400c5e1e3b9649b78c82d4257c2293411f5c6fe53bed48,aab37c2383a276e9ba33492a33a131f61dd2d93026bda215503439acddd29955
C_hash_ranked,10,2026,suspicious,C:\Users\Amm\LFighter-research\results\cic_iot_diad_task45_c3_multiseed_v416\C_hash_ranked\size_10\seed_2026\plain_attack\checkpoints\continuation_last_round_model.pt,3397869,6d76a043da0344f912e118efcbd4303043c8360915c4060c223510a8e736343b,69,256,8,8,5f14674b0c775f06c3400c5e1e3b9649b78c82d4257c2293411f5c6fe53bed48,332f9b2c9e43891a4238af8a3aec4421868b7bcafcdf977ba70f28eaa34f667d
C_hash_ranked,10,2026,reconstructed,C:\Users\Amm\LFighter-research\results\cic_iot_diad_task45_c3_multiseed_v416\C_hash_ranked\size_10\seed_2026\trusted_reconstruction\checkpoints\reconstruction_last_round_model.pt,3398013,21363c5216aedcce192e80ebe15092e81502ae7b675473c582742f29100baf41,69,256,8,8,5f14674b0c775f06c3400c5e1e3b9649b78c82d4257c2293411f5c6fe53bed48,332f9b2c9e43891a4238af8a3aec4421868b7bcafcdf977ba70f28eaa34f667d
