check_name,passed,detail
protocol_slots,True,"['flow_iat_exact', 'active_idle_exact']"
protocol_seeds,True,"[7, 99, 123, 2026]"
protocol_no_attack_specific_retuning,True,False
protocol_no_threshold_retuning,True,False
protocol_no_test_access,True,False
completion_all_exact,True,True
completion_pair_count,True,8
completion_rows,True,8
completion_complete_exact_pair,True,complete_exact_pair
completion_poison_plan_hash_exact_match,True,poison_plan_hash_exact_match
completion_trigger_spec_hash_exact_match,True,trigger_spec_hash_exact_match
completion_partition_hash_exact_match,True,partition_hash_exact_match
completion_warmup_profile_hash_exact_match,True,warmup_profile_hash_exact_match
completion_plain_no_test_access,True,0
completion_defended_no_test_access,True,0
decision_status,True,COMPLETED_ATTACK_SUPPORTED_DEFENSE_NOT_CONSISTENTLY_EFFECTIVE
decision_attack_evidence,True,MATERIAL_BUT_SEED_HETEROGENEOUS_BACKDOOR_EFFECT
decision_defense_evidence,True,NO_CONSISTENT_MULTISEED_EFFICACY
decision_method_not_reopened,True,False
decision_no_final_claim,True,False
decision_no_test_access,True,False
pair_rows,True,8
pair_slot_panel,True,"['active_idle_exact', 'flow_iat_exact']"
pair_seed_panel,True,"[7, 99, 123, 2026]"
pair_exact_metadata,True,8
pair_no_retuning,True,0
pair_no_test_access,True,0
trigger_rows,True,2
seed_rows,True,4
round_rows,True,32
source_rows,True,56
test_audit_all_false,True,0
decision_overall_plain_mean,True,0.170779623607
decision_overall_defended_mean,True,0.165520684159
decision_overall_relative_reduction,True,0.030793717287
figure_exists_task41b8_multiseed_triggered_asr.png,True,C:\Users\Amm\LFighter-research\results\cic_iot_diad_task41b_backdoor_v411b\exact_multiseed_summary\figures\task41b8_multiseed_triggered_asr.png
figure_exists_task41b8_multiseed_triggered_asr.pdf,True,C:\Users\Amm\LFighter-research\results\cic_iot_diad_task41b_backdoor_v411b\exact_multiseed_summary\figures\task41b8_multiseed_triggered_asr.pdf
figure_exists_task41b8_seedwise_asr_reduction.png,True,C:\Users\Amm\LFighter-research\results\cic_iot_diad_task41b_backdoor_v411b\exact_multiseed_summary\figures\task41b8_seedwise_asr_reduction.png
figure_exists_task41b8_seedwise_asr_reduction.pdf,True,C:\Users\Amm\LFighter-research\results\cic_iot_diad_task41b_backdoor_v411b\exact_multiseed_summary\figures\task41b8_seedwise_asr_reduction.pdf
figure_exists_task41b8_seed_direction_consistency.png,True,C:\Users\Amm\LFighter-research\results\cic_iot_diad_task41b_backdoor_v411b\exact_multiseed_summary\figures\task41b8_seed_direction_consistency.png
figure_exists_task41b8_seed_direction_consistency.pdf,True,C:\Users\Amm\LFighter-research\results\cic_iot_diad_task41b_backdoor_v411b\exact_multiseed_summary\figures\task41b8_seed_direction_consistency.pdf
figure_exists_task41b8_clean_utility_delta.png,True,C:\Users\Amm\LFighter-research\results\cic_iot_diad_task41b_backdoor_v411b\exact_multiseed_summary\figures\task41b8_clean_utility_delta.png
figure_exists_task41b8_clean_utility_delta.pdf,True,C:\Users\Amm\LFighter-research\results\cic_iot_diad_task41b_backdoor_v411b\exact_multiseed_summary\figures\task41b8_clean_utility_delta.pdf
figure_exists_task41b8_detector_recall.png,True,C:\Users\Amm\LFighter-research\results\cic_iot_diad_task41b_backdoor_v411b\exact_multiseed_summary\figures\task41b8_detector_recall.png
figure_exists_task41b8_detector_recall.pdf,True,C:\Users\Amm\LFighter-research\results\cic_iot_diad_task41b_backdoor_v411b\exact_multiseed_summary\figures\task41b8_detector_recall.pdf
