family_id,coalition_size,seed,state,scope,row_count,feature_index,feature_name,mean_source_logit_shap,mean_absolute_source_logit_shap,mean_target_logit_shap,mean_absolute_target_logit_shap,mean_margin_shap,mean_absolute_margin_shap
shared,10,123,clean_reference,all_probe_rows,128,0,Flow Duration,-0.0020738395396620035,0.11538258194923401,0.010326709598302841,0.07380025088787079,-0.01240055076777935,0.16681241989135742
shared,10,123,clean_reference,all_probe_rows,128,1,Total Fwd Packet,-4.8441306716995314e-05,0.0002975661773234606,0.00036968677886761725,0.0007974036270752549,-0.000418128096498549,0.0010636269580572844
shared,10,123,clean_reference,all_probe_rows,128,2,Total Bwd packets,-9.607385436538607e-06,6.73222093610093e-05,2.3498541850131005e-06,5.674590647686273e-05,-1.195724053104641e-05,0.00011615634139161557
shared,10,123,clean_reference,all_probe_rows,128,3,Total Length of Fwd Packet,-0.00024100090377032757,0.0006384198786690831,-0.00015231284487526864,0.0010765467304736376,-8.868810255080462e-05,0.0013877424644306302
shared,10,123,clean_reference,all_probe_rows,128,4,Total Length of Bwd Packet,-0.00018841131532099098,0.00041004823287948966,9.567177039571106e-05,0.00029246698250062764,-0.00028408310026861727,0.0006910973461344838
shared,10,123,clean_reference,all_probe_rows,128,5,Fwd Packet Length Max,-0.009864818304777145,0.04777015745639801,0.011526046320796013,0.04082319140434265,-0.02139086276292801,0.06243719533085823
shared,10,123,clean_reference,all_probe_rows,128,6,Fwd Packet Length Min,0.007414339110255241,0.0819554477930069,-0.0012697931379079819,0.02632906287908554,0.008684132248163223,0.09412166476249695
shared,10,123,clean_reference,all_probe_rows,128,7,Fwd Packet Length Mean,0.026696212589740753,0.11284246295690536,0.0022712056525051594,0.025001103058457375,0.024425003677606583,0.12597179412841797
shared,10,123,clean_reference,all_probe_rows,128,8,Fwd Packet Length Std,-0.024104535579681396,0.03550060838460922,0.027721289545297623,0.0452439971268177,-0.05182582885026932,0.0753895491361618
shared,10,123,clean_reference,all_probe_rows,128,9,Bwd Packet Length Max,-0.008073403500020504,0.022025110200047493,0.006951624993234873,0.03240642696619034,-0.015025025233626366,0.046716127544641495
shared,10,123,clean_reference,all_probe_rows,128,10,Bwd Packet Length Min,-0.02331482619047165,0.038307834416627884,0.006256051827222109,0.017891837283968925,-0.02957087755203247,0.04428159445524216
shared,10,123,clean_reference,all_probe_rows,128,11,Bwd Packet Length Mean,-0.004279500339180231,0.01635529100894928,-0.0001043790252879262,0.013086625374853611,-0.004175120964646339,0.02506321296095848
shared,10,123,clean_reference,all_probe_rows,128,12,Bwd Packet Length Std,-0.027691800147294998,0.0751756876707077,0.01761956885457039,0.026549486443400383,-0.04531136900186539,0.08797124773263931
shared,10,123,clean_reference,all_probe_rows,128,13,Flow Bytes/s,-6.268812285270542e-05,0.00010117892088601366,6.567691889358684e-05,0.0001144266570918262,-0.00012836503447033465,0.00021294975886121392
shared,10,123,clean_reference,all_probe_rows,128,14,Flow Packets/s,-3.705775088747032e-05,8.004261326277629e-05,7.789200753904879e-05,0.00012590328697115183,-0.0001149497547885403,0.0001858079485828057
shared,10,123,clean_reference,all_probe_rows,128,15,Flow IAT Mean,0.010523026809096336,0.037868157029151917,-0.005687417462468147,0.03499942272901535,0.016210444271564484,0.05969441682100296
shared,10,123,clean_reference,all_probe_rows,128,16,Flow IAT Std,0.004758534952998161,0.019916027784347534,-0.004210100509226322,0.023597199469804764,0.008968635462224483,0.04043347388505936
shared,10,123,clean_reference,all_probe_rows,128,17,Flow IAT Max,0.0031040613539516926,0.06596720218658447,-0.004376635886728764,0.04297590255737305,0.007480696775019169,0.10763103514909744
shared,10,123,clean_reference,all_probe_rows,128,18,Flow IAT Min,0.008645419031381607,0.03986865654587746,-0.006274104584008455,0.06526622921228409,0.01491952408105135,0.09677523374557495
shared,10,123,clean_reference,all_probe_rows,128,19,Fwd IAT Total,-0.004657205659896135,0.03276035562157631,0.013704812154173851,0.05911662057042122,-0.01836201921105385,0.0846296027302742
shared,10,123,clean_reference,all_probe_rows,128,20,Fwd IAT Mean,0.005643452517688274,0.03508845716714859,-0.011658232659101486,0.04276551306247711,0.017301686108112335,0.07111966609954834
shared,10,123,clean_reference,all_probe_rows,128,21,Fwd IAT Std,0.0015251915901899338,0.014856193214654922,-0.0033515146933496,0.025281421840190887,0.004876706749200821,0.036098662763834
shared,10,123,clean_reference,all_probe_rows,128,22,Fwd IAT Max,0.011520915664732456,0.03149953484535217,-0.005165955517441034,0.02733425796031952,0.01668686978518963,0.05137075483798981
shared,10,123,clean_reference,all_probe_rows,128,23,Fwd IAT Min,0.012552149593830109,0.056485436856746674,-0.009129012934863567,0.06605392694473267,0.0216811615973711,0.11976715922355652
shared,10,123,clean_reference,all_probe_rows,128,24,Bwd IAT Total,-0.010904626920819283,0.03775841370224953,0.03204833343625069,0.10834593325853348,-0.04295296221971512,0.1440684199333191
shared,10,123,clean_reference,all_probe_rows,128,25,Bwd IAT Mean,-0.005791602656245232,0.017224667593836784,0.0028404986951500177,0.010180512443184853,-0.008632101118564606,0.02477813884615898
shared,10,123,clean_reference,all_probe_rows,128,26,Bwd IAT Std,-0.0009811220224946737,0.025570588186383247,0.0010764740873128176,0.025257300585508347,-0.0020575968082994223,0.049321725964546204
shared,10,123,clean_reference,all_probe_rows,128,27,Bwd IAT Max,-0.008428388275206089,0.02082539163529873,-0.012549142353236675,0.097906693816185,0.004120754078030586,0.10500271618366241
shared,10,123,clean_reference,all_probe_rows,128,28,Bwd IAT Min,0.0021854592487215996,0.007807474583387375,0.002396682044491172,0.012016547843813896,-0.00021122279576957226,0.018437793478369713
shared,10,123,clean_reference,all_probe_rows,128,29,Fwd PSH Flags,-0.007818813435733318,0.02224590629339218,-0.012049647979438305,0.031092993915081024,0.004230836406350136,0.0413716584444046
shared,10,123,clean_reference,all_probe_rows,128,30,Fwd Header Length,-0.000221994225285016,0.0015715855406597257,-0.0002036097866948694,0.002681171055883169,-1.8384482245892286e-05,0.003084381576627493
shared,10,123,clean_reference,all_probe_rows,128,31,Bwd Header Length,-0.0003767225134652108,0.001949241734109819,-0.00019659107783809304,0.0015335693024098873,-0.00018013158114627004,0.0029352609999477863
shared,10,123,clean_reference,all_probe_rows,128,32,Fwd Packets/s,-1.82736839633435e-05,4.893137884209864e-05,4.368984082248062e-05,6.539527385029942e-05,-6.196352478582412e-05,0.00010630845645209774
shared,10,123,clean_reference,all_probe_rows,128,33,Bwd Packets/s,0.00021078361896798015,0.0003425422473810613,3.767586895264685e-05,9.047942148754373e-05,0.00017310777911916375,0.0002920149127021432
shared,10,123,clean_reference,all_probe_rows,128,34,Packet Length Min,-0.009287923574447632,0.025380898267030716,0.008282547816634178,0.023289062082767487,-0.01757047325372696,0.038705870509147644
shared,10,123,clean_reference,all_probe_rows,128,35,Packet Length Max,-0.0029698219150304794,0.026975639164447784,0.017466764897108078,0.06823369860649109,-0.020436590537428856,0.06332571804523468
shared,10,123,clean_reference,all_probe_rows,128,36,Packet Length Mean,0.026390573009848595,0.09598308056592941,-0.006606347858905792,0.033735260367393494,0.032996922731399536,0.12480355054140091
shared,10,123,clean_reference,all_probe_rows,128,37,Packet Length Std,-0.027375323697924614,0.07822301238775253,0.019303476437926292,0.05103462189435959,-0.04667879641056061,0.12823927402496338
shared,10,123,clean_reference,all_probe_rows,128,38,Packet Length Variance,-0.01933220773935318,0.024244721978902817,0.015617086552083492,0.019903529435396194,-0.03494929522275925,0.04085301607847214
shared,10,123,clean_reference,all_probe_rows,128,39,FIN Flag Count,0.013521729037165642,0.060669124126434326,-0.04693647101521492,0.06538817286491394,0.06045819818973541,0.08411355316638947
shared,10,123,clean_reference,all_probe_rows,128,40,SYN Flag Count,0.008791163563728333,0.05746395140886307,-0.005239997059106827,0.0586860254406929,0.014031162485480309,0.11352213472127914
shared,10,123,clean_reference,all_probe_rows,128,41,RST Flag Count,-0.018669571727514267,0.1511661559343338,0.01347135566174984,0.16595709323883057,-0.03214092552661896,0.3125342130661011
shared,10,123,clean_reference,all_probe_rows,128,42,PSH Flag Count,0.00016598899674136192,0.0026071073953062296,-0.00036771580926142633,0.003448530100286007,0.0005337049369700253,0.004551553167402744
shared,10,123,clean_reference,all_probe_rows,128,43,ACK Flag Count,-0.0018348670564591885,0.0036691450513899326,0.0006356555386446416,0.002218713518232107,-0.002470522653311491,0.004786519333720207
shared,10,123,clean_reference,all_probe_rows,128,44,CWR Flag Count,0.0,0.0,0.0,0.0,0.0,0.0
shared,10,123,clean_reference,all_probe_rows,128,45,ECE Flag Count,0.0,0.0,0.0,0.0,0.0,0.0
shared,10,123,clean_reference,all_probe_rows,128,46,Down/Up Ratio,-8.556774992030114e-05,0.0006088272202759981,6.107855006121099e-05,0.000835323822684586,-0.00014664631453342736,0.0013587740249931812
shared,10,123,clean_reference,all_probe_rows,128,47,Average Packet Size,0.02679796889424324,0.11056984961032867,-0.01202212180942297,0.03313491493463516,0.038820087909698486,0.1419813334941864
shared,10,123,clean_reference,all_probe_rows,128,48,Fwd Segment Size Avg,0.009069446474313736,0.05024636536836624,-0.007082149852067232,0.0384722501039505,0.01615159586071968,0.08699915558099747
shared,10,123,clean_reference,all_probe_rows,128,49,Bwd Segment Size Avg,-0.005668981466442347,0.01929735578596592,0.0037198809441179037,0.023721061646938324,-0.009388861246407032,0.03355875611305237
shared,10,123,clean_reference,all_probe_rows,128,50,Bwd Bytes/Bulk Avg,-0.00016716023674234748,0.00042274451698176563,0.00011296759475953877,0.00033714412711560726,-0.0002801278606057167,0.0007440252229571342
shared,10,123,clean_reference,all_probe_rows,128,51,Bwd Packet/Bulk Avg,0.0009628855623304844,0.0017045738641172647,-0.0030654820147901773,0.003413690719753504,0.004028368275612593,0.004576764069497585
shared,10,123,clean_reference,all_probe_rows,128,52,Bwd Bulk Rate Avg,-3.57102180714719e-06,0.00017136656970251352,-3.9081915019778535e-06,0.00012235320173203945,3.3716059988364577e-07,0.00024386710720136762
shared,10,123,clean_reference,all_probe_rows,128,53,Subflow Fwd Packets,-0.0003054426924791187,0.00042150099761784077,0.000976637238636613,0.0010299967834725976,-0.001282079960219562,0.001424920978024602
shared,10,123,clean_reference,all_probe_rows,128,54,Subflow Fwd Bytes,-0.00018308831204194576,0.0011374083114787936,-1.8687551346374676e-06,0.0015297626378014684,-0.0001812195696402341,0.0021269035059958696
shared,10,123,clean_reference,all_probe_rows,128,55,Subflow Bwd Packets,-7.964662472659256e-06,1.4415008081414271e-05,7.452712452504784e-06,2.9708848160225898e-05,-1.5417375834658742e-05,4.153666668571532e-05
shared,10,123,clean_reference,all_probe_rows,128,56,Subflow Bwd Bytes,-0.00024902334553189576,0.0003988110111095011,0.00011267904483247548,0.0002599286672193557,-0.00036170240491628647,0.0005473497440107167
shared,10,123,clean_reference,all_probe_rows,128,57,FWD Init Win Bytes,0.01586124673485756,0.16079430282115936,0.005224676802754402,0.15401388704776764,0.010636566206812859,0.3131498694419861
shared,10,123,clean_reference,all_probe_rows,128,58,Bwd Init Win Bytes,-0.0010067061521112919,0.005559050012379885,-0.006285140290856361,0.011295626871287823,0.005278432741761208,0.010486118495464325
shared,10,123,clean_reference,all_probe_rows,128,59,Fwd Act Data Pkts,-0.0012215767055749893,0.003849766217172146,-0.007691544014960527,0.010079308412969112,0.006469967309385538,0.009714278392493725
shared,10,123,clean_reference,all_probe_rows,128,60,Fwd Seg Size Min,-0.03763474151492119,0.0952204018831253,0.06107145547866821,0.11740106344223022,-0.0987062007188797,0.1766783595085144
shared,10,123,clean_reference,all_probe_rows,128,61,Active Mean,0.0022621415555477142,0.017961198464035988,-0.001217956654727459,0.05197404697537422,0.003480097744613886,0.06063909828662872
shared,10,123,clean_reference,all_probe_rows,128,62,Active Std,-0.0037296817172318697,0.01098981499671936,-0.0004063063533976674,0.03101271390914917,-0.0033233752474188805,0.033811334520578384
shared,10,123,clean_reference,all_probe_rows,128,63,Active Max,0.0008745547384023666,0.019946590065956116,0.002221179660409689,0.025482263416051865,-0.0013466253876686096,0.043566953390836716
shared,10,123,clean_reference,all_probe_rows,128,64,Active Min,0.003432294586673379,0.025913391262292862,-0.00689010601490736,0.023076489567756653,0.01032240130007267,0.04770718887448311
shared,10,123,clean_reference,all_probe_rows,128,65,Idle Mean,0.008581623435020447,0.027888139709830284,-0.005254516843706369,0.055596742779016495,0.01383613795042038,0.07288657128810883
shared,10,123,clean_reference,all_probe_rows,128,66,Idle Std,0.0011593945091590285,0.010816637426614761,-0.0016012713313102722,0.025968650355935097,0.0027606654912233353,0.03643903508782387
shared,10,123,clean_reference,all_probe_rows,128,67,Idle Max,0.0023361474741250277,0.030625203624367714,-0.004249457269906998,0.08752206712961197,0.006585604511201382,0.1132168173789978
shared,10,123,clean_reference,all_probe_rows,128,68,Idle Min,0.006019346881657839,0.021768219769001007,-0.007818106561899185,0.03282403573393822,0.013837453909218311,0.04849766939878464
shared,10,123,clean_reference,true_DDoS_rows,16,0,Flow Duration,0.031495749950408936,0.04330000281333923,-0.04692257568240166,0.04692257568240166,0.0784183219075203,0.08122585713863373
shared,10,123,clean_reference,true_DDoS_rows,16,1,Total Fwd Packet,-0.00019674311624839902,0.00021243805531412363,0.00012702727690339088,0.00016943967784754932,-0.0003237703931517899,0.0003719124069903046
shared,10,123,clean_reference,true_DDoS_rows,16,2,Total Bwd packets,-2.5349445422762074e-06,3.513010233291425e-05,-2.093755938403774e-05,4.8582369345240295e-05,1.8402615751256235e-05,7.547638233518228e-05
shared,10,123,clean_reference,true_DDoS_rows,16,3,Total Length of Fwd Packet,-0.0013364049373194575,0.0014160375576466322,1.0361527529312298e-05,0.00039030425250530243,-0.0013467664830386639,0.0014984714798629284
shared,10,123,clean_reference,true_DDoS_rows,16,4,Total Length of Bwd Packet,-5.2987568778917193e-05,0.0003326492733322084,0.00018348419689573348,0.0003680057998280972,-0.0002364717365708202,0.0007005854276940227
shared,10,123,clean_reference,true_DDoS_rows,16,5,Fwd Packet Length Max,-0.021266508847475052,0.12835875153541565,0.1391717493534088,0.1428205966949463,-0.16043823957443237,0.19630758464336395
shared,10,123,clean_reference,true_DDoS_rows,16,6,Fwd Packet Length Min,0.33741122484207153,0.34555718302726746,-0.04133724421262741,0.05220331996679306,0.37874847650527954,0.38556408882141113
shared,10,123,clean_reference,true_DDoS_rows,16,7,Fwd Packet Length Mean,0.5071240067481995,0.5195627808570862,-0.029948733747005463,0.06067635491490364,0.5370727777481079,0.5505640506744385
shared,10,123,clean_reference,true_DDoS_rows,16,8,Fwd Packet Length Std,0.01231042668223381,0.015092253684997559,-0.011132566258311272,0.023038676008582115,0.023442992940545082,0.03617625683546066
shared,10,123,clean_reference,true_DDoS_rows,16,9,Bwd Packet Length Max,0.004098334349691868,0.029593300074338913,0.01382039301097393,0.048543959856033325,-0.00972205400466919,0.07813726365566254
shared,10,123,clean_reference,true_DDoS_rows,16,10,Bwd Packet Length Min,-0.00865391455590725,0.009631874971091747,-0.006007174961268902,0.008801918476819992,-0.0026467391289770603,0.013454912230372429
shared,10,123,clean_reference,true_DDoS_rows,16,11,Bwd Packet Length Mean,-0.0031628513243049383,0.010508423671126366,-0.006061549764126539,0.016546932980418205,0.0028986986726522446,0.026772353798151016
shared,10,123,clean_reference,true_DDoS_rows,16,12,Bwd Packet Length Std,-0.007047727704048157,0.07941693067550659,-0.017964160069823265,0.018901601433753967,0.010916432365775108,0.08285841345787048
shared,10,123,clean_reference,true_DDoS_rows,16,13,Flow Bytes/s,1.7324691725661978e-05,1.963501563295722e-05,-2.1165436919545755e-05,2.235891588497907e-05,3.849012864520773e-05,4.021280983579345e-05
shared,10,123,clean_reference,true_DDoS_rows,16,14,Flow Packets/s,4.684244777308777e-05,4.965892730979249e-05,-3.866844417643733e-05,4.015458398498595e-05,8.551089558750391e-05,8.860700472723693e-05
shared,10,123,clean_reference,true_DDoS_rows,16,15,Flow IAT Mean,0.14950960874557495,0.1543135643005371,-0.11876702308654785,0.12357242405414581,0.2682766318321228,0.2739441394805908
shared,10,123,clean_reference,true_DDoS_rows,16,16,Flow IAT Std,0.003841027617454529,0.01912263035774231,-0.008109070360660553,0.018695073202252388,0.011950097978115082,0.03781770169734955
shared,10,123,clean_reference,true_DDoS_rows,16,17,Flow IAT Max,0.11126745492219925,0.12086881697177887,-0.054053276777267456,0.06311681121587753,0.1653207242488861,0.1839856207370758
shared,10,123,clean_reference,true_DDoS_rows,16,18,Flow IAT Min,0.17013341188430786,0.17996034026145935,-0.24726904928684235,0.25246477127075195,0.417402446269989,0.4324251115322113
shared,10,123,clean_reference,true_DDoS_rows,16,19,Fwd IAT Total,0.03447214514017105,0.038533445447683334,-0.031280092895030975,0.03365667536854744,0.06575223803520203,0.0689661055803299
shared,10,123,clean_reference,true_DDoS_rows,16,20,Fwd IAT Mean,0.14412569999694824,0.14989963173866272,-0.13938245177268982,0.14166764914989471,0.28350818157196045,0.28970685601234436
shared,10,123,clean_reference,true_DDoS_rows,16,21,Fwd IAT Std,0.004188220947980881,0.023020528256893158,-0.007171620614826679,0.026528533548116684,0.011359842494130135,0.04954906180500984
shared,10,123,clean_reference,true_DDoS_rows,16,22,Fwd IAT Max,0.09513819962739944,0.09969856590032578,-0.035262007266283035,0.048505790531635284,0.13040021061897278,0.14208126068115234
shared,10,123,clean_reference,true_DDoS_rows,16,23,Fwd IAT Min,0.2343270182609558,0.250150591135025,-0.21186238527297974,0.22533781826496124,0.44618940353393555,0.47548842430114746
shared,10,123,clean_reference,true_DDoS_rows,16,24,Bwd IAT Total,0.020540103316307068,0.029751010239124298,-0.002002228517085314,0.028069233521819115,0.022542331367731094,0.05705081671476364
shared,10,123,clean_reference,true_DDoS_rows,16,25,Bwd IAT Mean,0.006975723430514336,0.007652538828551769,-0.002484123222529888,0.003714228980243206,0.009459846653044224,0.011003205552697182
shared,10,123,clean_reference,true_DDoS_rows,16,26,Bwd IAT Std,0.02304772101342678,0.023369764909148216,-0.007427670992910862,0.008530798368155956,0.030475391075015068,0.030914627015590668
shared,10,123,clean_reference,true_DDoS_rows,16,27,Bwd IAT Max,0.01145800482481718,0.019542623311281204,0.0009516589343547821,0.017809366807341576,0.010506344959139824,0.03045736625790596
shared,10,123,clean_reference,true_DDoS_rows,16,28,Bwd IAT Min,0.0052008419297635555,0.008122481405735016,-0.004410095512866974,0.0048064254224300385,0.009610937908291817,0.012842176482081413
shared,10,123,clean_reference,true_DDoS_rows,16,29,Fwd PSH Flags,0.0010643154382705688,0.03933152183890343,-0.004191378131508827,0.014286350458860397,0.005255695432424545,0.05349750816822052
shared,10,123,clean_reference,true_DDoS_rows,16,30,Fwd Header Length,0.0012700522784143686,0.0012851785868406296,-0.00040598277701064944,0.0008016505744308233,0.001676035113632679,0.001758921192958951
shared,10,123,clean_reference,true_DDoS_rows,16,31,Bwd Header Length,0.0009997549932450056,0.001360124908387661,-0.0018284411635249853,0.001957222120836377,0.002828196156769991,0.002910013310611248
shared,10,123,clean_reference,true_DDoS_rows,16,32,Fwd Packets/s,2.746038262557704e-05,2.746038262557704e-05,-1.735647310852073e-05,1.735647310852073e-05,4.481685391510837e-05,4.481685391510837e-05
shared,10,123,clean_reference,true_DDoS_rows,16,33,Bwd Packets/s,-2.718843097682111e-05,6.691987800877541e-05,-2.598088758531958e-05,3.8800586480647326e-05,-1.2075415725121275e-06,6.82426179992035e-05
shared,10,123,clean_reference,true_DDoS_rows,16,34,Packet Length Min,-0.052543412894010544,0.12074970453977585,0.08249235153198242,0.08833834528923035,-0.13503576815128326,0.17297068238258362
shared,10,123,clean_reference,true_DDoS_rows,16,35,Packet Length Max,0.05015731602907181,0.06387826800346375,0.13116136193275452,0.13441511988639832,-0.0810040533542633,0.09211361408233643
shared,10,123,clean_reference,true_DDoS_rows,16,36,Packet Length Mean,0.465130090713501,0.470814049243927,-0.14127323031425476,0.14434906840324402,0.6064033508300781,0.6092058420181274
shared,10,123,clean_reference,true_DDoS_rows,16,37,Packet Length Std,0.0259504746645689,0.07776079326868057,-0.01512935757637024,0.057902924716472626,0.04107983410358429,0.1356637179851532
shared,10,123,clean_reference,true_DDoS_rows,16,38,Packet Length Variance,0.0003666920238174498,0.013053815811872482,0.008004599250853062,0.012190689332783222,-0.007637908216565847,0.02428477630019188
shared,10,123,clean_reference,true_DDoS_rows,16,39,FIN Flag Count,0.06363873183727264,0.08830621838569641,-0.05671010538935661,0.07847222685813904,0.12034883350133896,0.1314433068037033
shared,10,123,clean_reference,true_DDoS_rows,16,40,SYN Flag Count,0.004092822317034006,0.026031523942947388,0.013947241008281708,0.014086185954511166,-0.009854419156908989,0.034962669014930725
shared,10,123,clean_reference,true_DDoS_rows,16,41,RST Flag Count,0.07593738287687302,0.13315245509147644,-0.1423613727092743,0.16464529931545258,0.2182987630367279,0.2969422936439514
shared,10,123,clean_reference,true_DDoS_rows,16,42,PSH Flag Count,0.0023288994561880827,0.0028440800961107016,-0.0006315200589597225,0.0038129580207169056,0.0029604192823171616,0.005484976340085268
shared,10,123,clean_reference,true_DDoS_rows,16,43,ACK Flag Count,0.0005039877141825855,0.0027654217556118965,-0.0010942467488348484,0.001644584583118558,0.0015982345212250948,0.003132335841655731
shared,10,123,clean_reference,true_DDoS_rows,16,44,CWR Flag Count,0.0,0.0,0.0,0.0,0.0,0.0
shared,10,123,clean_reference,true_DDoS_rows,16,45,ECE Flag Count,0.0,0.0,0.0,0.0,0.0,0.0
shared,10,123,clean_reference,true_DDoS_rows,16,46,Down/Up Ratio,-0.0003688985016196966,0.000495902553666383,0.0002545638708397746,0.0005653258413076401,-0.0006234623724594712,0.0010612283367663622
shared,10,123,clean_reference,true_DDoS_rows,16,47,Average Packet Size,0.4828813672065735,0.4992831349372864,-0.1606314480304718,0.1680712103843689,0.6435127854347229,0.6672754287719727
shared,10,123,clean_reference,true_DDoS_rows,16,48,Fwd Segment Size Avg,0.21812601387500763,0.22277705371379852,-0.14508327841758728,0.1488623023033142,0.3632093071937561,0.3698069751262665
shared,10,123,clean_reference,true_DDoS_rows,16,49,Bwd Segment Size Avg,0.010823776014149189,0.013835735619068146,-0.0077765630558133125,0.00987243838608265,0.01860034093260765,0.020748930051922798
shared,10,123,clean_reference,true_DDoS_rows,16,50,Bwd Bytes/Bulk Avg,-6.998518074396998e-06,0.00016547131235711277,0.00011610171350184828,0.0002723355428315699,-0.00012310020974837244,0.0004373380506876856
shared,10,123,clean_reference,true_DDoS_rows,16,51,Bwd Packet/Bulk Avg,0.0008268806268461049,0.0008692053961567581,-0.0002656139840837568,0.0005742216017097235,0.0010924945818260312,0.0012781844707205892
shared,10,123,clean_reference,true_DDoS_rows,16,52,Bwd Bulk Rate Avg,6.896607374073938e-05,0.00015865243040025234,-0.00013326769112609327,0.00017004451365210116,0.00020223377214279026,0.00022393075050786138
shared,10,123,clean_reference,true_DDoS_rows,16,53,Subflow Fwd Packets,0.00014676139107905328,0.00026659166906028986,0.0002176275011152029,0.00048776675248518586,-7.086611003614962e-05,0.0007528859423473477
shared,10,123,clean_reference,true_DDoS_rows,16,54,Subflow Fwd Bytes,-0.0018362768460065126,0.0027925146277993917,-0.003927387297153473,0.004024212248623371,0.0020911104511469603,0.0033743958920240402
shared,10,123,clean_reference,true_DDoS_rows,16,55,Subflow Bwd Packets,-3.9549331631860696e-07,1.4074503269512206e-05,1.4204264516592957e-05,2.0632280211430043e-05,-1.4599754649680108e-05,3.175240635755472e-05
shared,10,123,clean_reference,true_DDoS_rows,16,56,Subflow Bwd Bytes,-0.00047641145647503436,0.0005405917181633413,0.00027099886210635304,0.00032607236062176526,-0.0007474102894775569,0.0008607613272033632
shared,10,123,clean_reference,true_DDoS_rows,16,57,FWD Init Win Bytes,-0.02838323265314102,0.03414797782897949,0.0007339157164096832,0.0512864924967289,-0.029117148369550705,0.08139737695455551
shared,10,123,clean_reference,true_DDoS_rows,16,58,Bwd Init Win Bytes,0.003514067269861698,0.003714523045346141,-0.00596955418586731,0.007183085661381483,0.009483621455729008,0.010124361142516136
shared,10,123,clean_reference,true_DDoS_rows,16,59,Fwd Act Data Pkts,0.0013417367590591311,0.0025742470752447844,-0.000849886448122561,0.0011671006213873625,0.0021916229743510485,0.003740662708878517
shared,10,123,clean_reference,true_DDoS_rows,16,60,Fwd Seg Size Min,0.00413393322378397,0.15252186357975006,0.038060590624809265,0.13169221580028534,-0.03392665460705757,0.28266605734825134
shared,10,123,clean_reference,true_DDoS_rows,16,61,Active Mean,0.01065102219581604,0.012524815276265144,-0.016338957473635674,0.024932492524385452,0.026989979669451714,0.03718340024352074
shared,10,123,clean_reference,true_DDoS_rows,16,62,Active Std,0.011055918410420418,0.011675294488668442,4.8862071707844734e-05,0.007608052343130112,0.011007056571543217,0.016740892082452774
shared,10,123,clean_reference,true_DDoS_rows,16,63,Active Max,0.008383043110370636,0.024856992065906525,-0.005729743279516697,0.011688168160617352,0.014112785458564758,0.03654515743255615
shared,10,123,clean_reference,true_DDoS_rows,16,64,Active Min,0.01607874408364296,0.02433513104915619,7.502915104851127e-05,0.009685376659035683,0.016003714874386787,0.027183353900909424
shared,10,123,clean_reference,true_DDoS_rows,16,65,Idle Mean,0.03195885568857193,0.06227738410234451,-0.09869734197854996,0.1046684980392456,0.1306561827659607,0.1427394151687622
shared,10,123,clean_reference,true_DDoS_rows,16,66,Idle Std,0.024268612265586853,0.029807452112436295,-0.04847007989883423,0.06033371388912201,0.07273868471384048,0.08951285481452942
shared,10,123,clean_reference,true_DDoS_rows,16,67,Idle Max,0.08670024573802948,0.09230637550354004,-0.1692049205303192,0.18148206174373627,0.2559051513671875,0.27237558364868164
shared,10,123,clean_reference,true_DDoS_rows,16,68,Idle Min,0.059735774993896484,0.059928908944129944,-0.024614829570055008,0.03136657923460007,0.08435060828924179,0.08435060828924179
